INSERT INTO account_book.funds_record (funds_record_id, funds_record_balance, funds_record_time, funds_record_describe, funds_record_remark, funds_record_classify_id, funds_account_id, funds_user_id, create_time, modify_time, invalid) VALUES (1179439551085543424, 560, '2023-11-28 09:28:58', '电线理线器', '柜子需要', 1000000000000000007, 1000000000000000005, 10001, '2023-11-29 15:11:42', '2023-11-29 15:11:42', 0);
INSERT INTO account_book.funds_record (funds_record_id, funds_record_balance, funds_record_time, funds_record_describe, funds_record_remark, funds_record_classify_id, funds_account_id, funds_user_id, create_time, modify_time, invalid) VALUES (1179439978422206464, 50, '2023-11-27 19:17:47', '电动车充电', null, 1000000000000000008, 1000000000000000005, 10001, '2023-11-29 15:13:24', '2023-11-29 15:13:24', 0);
INSERT INTO account_book.funds_record (funds_record_id, funds_record_balance, funds_record_time, funds_record_describe, funds_record_remark, funds_record_classify_id, funds_account_id, funds_user_id, create_time, modify_time, invalid) VALUES (1179440384531496960, 2500, '2023-11-27 10:57:54', '电脑桌线孔', '餐边柜', 1000000000000000007, 1000000000000000005, 10001, '2023-11-29 15:15:01', '2023-11-29 15:15:01', 0);
INSERT INTO account_book.funds_record (funds_record_id, funds_record_balance, funds_record_time, funds_record_describe, funds_record_remark, funds_record_classify_id, funds_account_id, funds_user_id, create_time, modify_time, invalid) VALUES (1179444640244301824, 24500, '2023-11-27 10:50:25', '餐边柜桌面', null, 1000000000000000007, 1000000000000000005, 10001, '2023-11-29 15:31:55', '2023-11-29 15:31:55', 0);
INSERT INTO account_book.funds_record (funds_record_id, funds_record_balance, funds_record_time, funds_record_describe, funds_record_remark, funds_record_classify_id, funds_account_id, funds_user_id, create_time, modify_time, invalid) VALUES (1179444909778665472, 999, '2023-11-26 21:09:15', '手工大面筋', null, 1000000000000000005, 1000000000000000005, 10001, '2023-11-29 15:33:00', '2023-11-29 15:33:00', 0);
INSERT INTO account_book.funds_record (funds_record_id, funds_record_balance, funds_record_time, funds_record_describe, funds_record_remark, funds_record_classify_id, funds_account_id, funds_user_id, create_time, modify_time, invalid) VALUES (1179445152360431616, 1504, '2023-11-26 18:58:21', '柜子固定器', '餐边柜', 1000000000000000007, 1000000000000000005, 10001, '2023-11-29 15:33:57', '2023-11-29 15:33:57', 0);
INSERT INTO account_book.funds_record (funds_record_id, funds_record_balance, funds_record_time, funds_record_describe, funds_record_remark, funds_record_classify_id, funds_account_id, funds_user_id, create_time, modify_time, invalid) VALUES (1179445353263398912, 42500, '2023-11-26 18:58:09', '餐边柜定制木板', null, 1000000000000000007, 1000000000000000005, 10001, '2023-11-29 15:34:45', '2023-11-29 15:34:45', 0);
INSERT INTO account_book.funds_record (funds_record_id, funds_record_balance, funds_record_time, funds_record_describe, funds_record_remark, funds_record_classify_id, funds_account_id, funds_user_id, create_time, modify_time, invalid) VALUES (1179445748438138880, 1290, '2023-11-26 17:54:00', '超时-酸枣糕', null, 1000000000000000005, 1000000000000000005, 10001, '2023-11-29 15:36:19', '2023-11-29 15:36:19', 0);
INSERT INTO account_book.funds_record (funds_record_id, funds_record_balance, funds_record_time, funds_record_describe, funds_record_remark, funds_record_classify_id, funds_account_id, funds_user_id, create_time, modify_time, invalid) VALUES (1179445897805692928, 1500, '2023-11-26 16:41:28', '麦当劳薯条', null, 1000000000000000005, 1000000000000000005, 10001, '2023-11-29 15:36:55', '2023-11-29 15:36:55', 0);
INSERT INTO account_book.funds_record (funds_record_id, funds_record_balance, funds_record_time, funds_record_describe, funds_record_remark, funds_record_classify_id, funds_account_id, funds_user_id, create_time, modify_time, invalid) VALUES (1179446055008206848, 3400, '2023-11-26 16:41:08', '麦当劳套餐', null, 1000000000000000005, 1000000000000000005, 10001, '2023-11-29 15:37:33', '2023-11-29 15:37:33', 0);
INSERT INTO account_book.funds_record (funds_record_id, funds_record_balance, funds_record_time, funds_record_describe, funds_record_remark, funds_record_classify_id, funds_account_id, funds_user_id, create_time, modify_time, invalid) VALUES (1179446323376553984, 350, '2023-11-26 11:56:08', '饮料', null, 1000000000000000005, 1000000000000000005, 10001, '2023-11-29 15:38:37', '2023-11-29 15:38:37', 0);
INSERT INTO account_book.funds_record (funds_record_id, funds_record_balance, funds_record_time, funds_record_describe, funds_record_remark, funds_record_classify_id, funds_account_id, funds_user_id, create_time, modify_time, invalid) VALUES (1179446484668514304, 400, '2023-11-26 11:40:44', '地铁票', '去看医生', 1000000000000000008, 1000000000000000005, 10001, '2023-11-29 15:39:15', '2023-11-29 15:39:15', 0);
INSERT INTO account_book.funds_record (funds_record_id, funds_record_balance, funds_record_time, funds_record_describe, funds_record_remark, funds_record_classify_id, funds_account_id, funds_user_id, create_time, modify_time, invalid) VALUES (1179446619788017664, 400, '2023-11-26 11:40:25', '地铁票', '去看医生', 1000000000000000008, 1000000000000000005, 10001, '2023-11-29 15:39:47', '2023-11-29 15:39:47', 0);
INSERT INTO account_book.funds_record (funds_record_id, funds_record_balance, funds_record_time, funds_record_describe, funds_record_remark, funds_record_classify_id, funds_account_id, funds_user_id, create_time, modify_time, invalid) VALUES (1179446818891628544, 1500, '2023-11-26 11:02:09', '杂粮煎饼', null, 1000000000000000005, 1000000000000000005, 10001, '2023-11-29 15:40:35', '2023-11-29 15:40:35', 0);
INSERT INTO account_book.funds_record (funds_record_id, funds_record_balance, funds_record_time, funds_record_describe, funds_record_remark, funds_record_classify_id, funds_account_id, funds_user_id, create_time, modify_time, invalid) VALUES (1179447042808741888, 10380, '2023-11-26 10:56:45', '中药费用', null, 1000000000000000017, 1000000000000000005, 10001, '2023-11-29 15:41:28', '2023-11-29 15:41:28', 0);
INSERT INTO account_book.funds_record (funds_record_id, funds_record_balance, funds_record_time, funds_record_describe, funds_record_remark, funds_record_classify_id, funds_account_id, funds_user_id, create_time, modify_time, invalid) VALUES (1179447238171033600, 8947, '2023-11-26 10:56:45', '中药费', null, 1000000000000000017, 1000000000000000005, 10001, '2023-11-29 15:42:15', '2023-11-29 15:42:15', 0);
INSERT INTO account_book.funds_record (funds_record_id, funds_record_balance, funds_record_time, funds_record_describe, funds_record_remark, funds_record_classify_id, funds_account_id, funds_user_id, create_time, modify_time, invalid) VALUES (1179447428034592768, 357, '2023-11-26 10:14:31', '地铁票', '去中医馆', 1000000000000000008, 1000000000000000005, 10001, '2023-11-29 15:43:00', '2023-11-29 15:43:00', 0);
INSERT INTO account_book.funds_record (funds_record_id, funds_record_balance, funds_record_time, funds_record_describe, funds_record_remark, funds_record_classify_id, funds_account_id, funds_user_id, create_time, modify_time, invalid) VALUES (1179447599212527616, 400, '2023-11-26 10:14:06', '地铁票', '去中医馆', 1000000000000000017, 1000000000000000005, 10001, '2023-11-29 15:43:41', '2023-11-29 15:43:41', 0);
INSERT INTO account_book.funds_record (funds_record_id, funds_record_balance, funds_record_time, funds_record_describe, funds_record_remark, funds_record_classify_id, funds_account_id, funds_user_id, create_time, modify_time, invalid) VALUES (1179447772349202432, 500, '2023-11-26 09:27:50', '早餐', null, 1000000000000000005, 1000000000000000005, 10001, '2023-11-29 15:44:22', '2023-11-29 15:44:22', 0);
INSERT INTO account_book.funds_record (funds_record_id, funds_record_balance, funds_record_time, funds_record_describe, funds_record_remark, funds_record_classify_id, funds_account_id, funds_user_id, create_time, modify_time, invalid) VALUES (1179448032635125760, 25600, '2023-11-25 22:37:40', '好奇纸尿裤', null, 1000000000000000024, 1000000000000000005, 10001, '2023-11-29 15:45:24', '2023-11-29 15:45:24', 0);
INSERT INTO account_book.funds_record (funds_record_id, funds_record_balance, funds_record_time, funds_record_describe, funds_record_remark, funds_record_classify_id, funds_account_id, funds_user_id, create_time, modify_time, invalid) VALUES (1179448213900361728, 292926, '2023-11-25 22:37:35', '飞鹤奶粉3段', null, 1000000000000000024, 1000000000000000005, 10001, '2023-11-29 15:46:07', '2023-11-29 15:46:07', 0);
INSERT INTO account_book.funds_record (funds_record_id, funds_record_balance, funds_record_time, funds_record_describe, funds_record_remark, funds_record_classify_id, funds_account_id, funds_user_id, create_time, modify_time, invalid) VALUES (1179448446906531840, 4800, '2023-11-25 17:35:17', '筒骨', null, 1000000000000000005, 1000000000000000005, 10001, '2023-11-29 15:47:03', '2023-11-29 15:47:03', 0);
INSERT INTO account_book.funds_record (funds_record_id, funds_record_balance, funds_record_time, funds_record_describe, funds_record_remark, funds_record_classify_id, funds_account_id, funds_user_id, create_time, modify_time, invalid) VALUES (1179448696526340096, 2970, '2023-11-25 11:24:25', '糕点', null, 1000000000000000005, 1000000000000000005, 10001, '2023-11-29 15:48:02', '2023-11-29 15:48:02', 0);
INSERT INTO account_book.funds_record (funds_record_id, funds_record_balance, funds_record_time, funds_record_describe, funds_record_remark, funds_record_classify_id, funds_account_id, funds_user_id, create_time, modify_time, invalid) VALUES (1179448837622726656, 2300, '2023-11-25 11:21:10', '预制 糖醋里脊', null, 1000000000000000005, 1000000000000000005, 10001, '2023-11-29 15:48:36', '2023-11-29 15:48:36', 0);
INSERT INTO account_book.funds_record (funds_record_id, funds_record_balance, funds_record_time, funds_record_describe, funds_record_remark, funds_record_classify_id, funds_account_id, funds_user_id, create_time, modify_time, invalid) VALUES (1179449051897135104, 750, '2023-11-24 16:00:00', '十足--零食', null, 1000000000000000005, 1000000000000000005, 10001, '2023-11-29 15:49:27', '2023-11-29 15:49:27', 0);
INSERT INTO account_book.funds_record (funds_record_id, funds_record_balance, funds_record_time, funds_record_describe, funds_record_remark, funds_record_classify_id, funds_account_id, funds_user_id, create_time, modify_time, invalid) VALUES (1179449234148032512, 2600, '2023-11-23 18:32:37', '膳当家--晚餐', '晚餐', 1000000000000000005, 1000000000000000005, 10001, '2023-11-29 15:50:11', '2023-11-29 15:50:11', 0);
INSERT INTO account_book.funds_record (funds_record_id, funds_record_balance, funds_record_time, funds_record_describe, funds_record_remark, funds_record_classify_id, funds_account_id, funds_user_id, create_time, modify_time, invalid) VALUES (1179449431305486336, 790, '2023-11-23 16:32:23', '十足--零食', null, 1000000000000000005, 1000000000000000005, 10001, '2023-11-29 15:50:58', '2023-11-29 15:50:58', 0);
INSERT INTO account_book.funds_record (funds_record_id, funds_record_balance, funds_record_time, funds_record_describe, funds_record_remark, funds_record_classify_id, funds_account_id, funds_user_id, create_time, modify_time, invalid) VALUES (1179449695357894656, 700, '2023-11-23 15:45:39', '亲密付', null, 1000000000000000005, 1000000000000000005, 10001, '2023-11-29 15:52:00', '2023-11-29 15:52:00', 0);
INSERT INTO account_book.funds_record (funds_record_id, funds_record_balance, funds_record_time, funds_record_describe, funds_record_remark, funds_record_classify_id, funds_account_id, funds_user_id, create_time, modify_time, invalid) VALUES (1179449824013975552, 880, '2023-11-23 15:41:11', '亲密付', null, 1000000000000000005, 1000000000000000005, 10001, '2023-11-29 15:52:31', '2023-11-29 15:52:31', 0);
INSERT INTO account_book.funds_record (funds_record_id, funds_record_balance, funds_record_time, funds_record_describe, funds_record_remark, funds_record_classify_id, funds_account_id, funds_user_id, create_time, modify_time, invalid) VALUES (1179449954985312256, 4350, '2023-11-23 15:37:43', '亲密付', null, 1000000000000000005, 1000000000000000005, 10001, '2023-11-29 15:53:02', '2023-11-29 15:53:02', 0);
INSERT INTO account_book.funds_record (funds_record_id, funds_record_balance, funds_record_time, funds_record_describe, funds_record_remark, funds_record_classify_id, funds_account_id, funds_user_id, create_time, modify_time, invalid) VALUES (1179450068768391168, 3000, '2023-11-23 14:29:12', '亲密付', null, 1000000000000000005, 1000000000000000005, 10001, '2023-11-29 15:53:30', '2023-11-29 15:53:30', 0);
INSERT INTO account_book.funds_record (funds_record_id, funds_record_balance, funds_record_time, funds_record_describe, funds_record_remark, funds_record_classify_id, funds_account_id, funds_user_id, create_time, modify_time, invalid) VALUES (1179450275853762560, 10000, '2023-11-23 07:58:39', '公共交通--充值', null, 1000000000000000008, 1000000000000000004, 10001, '2023-11-29 15:54:19', '2023-11-29 15:54:53', 0);
INSERT INTO account_book.funds_record (funds_record_id, funds_record_balance, funds_record_time, funds_record_describe, funds_record_remark, funds_record_classify_id, funds_account_id, funds_user_id, create_time, modify_time, invalid) VALUES (1179450842378403840, 1590, '2023-11-22 21:29:46', '跳绳', null, 1000000000000000015, 1000000000000000005, 10001, '2023-11-29 15:56:34', '2023-11-29 15:56:34', 0);
INSERT INTO account_book.funds_record (funds_record_id, funds_record_balance, funds_record_time, funds_record_describe, funds_record_remark, funds_record_classify_id, funds_account_id, funds_user_id, create_time, modify_time, invalid) VALUES (1179450980178067456, 440, '2023-11-22 20:14:42', '炒货--瓜子', null, 1000000000000000005, 1000000000000000005, 10001, '2023-11-29 15:57:07', '2023-11-29 10:01:36', 0);
INSERT INTO account_book.funds_record (funds_record_id, funds_record_balance, funds_record_time, funds_record_describe, funds_record_remark, funds_record_classify_id, funds_account_id, funds_user_id, create_time, modify_time, invalid) VALUES (1179451165469835264, 150, '2023-11-22 19:48:22', '亲密付', null, 1000000000000000005, 1000000000000000005, 10001, '2023-11-29 15:57:51', '2023-11-29 15:57:51', 0);
INSERT INTO account_book.funds_record (funds_record_id, funds_record_balance, funds_record_time, funds_record_describe, funds_record_remark, funds_record_classify_id, funds_account_id, funds_user_id, create_time, modify_time, invalid) VALUES (1179451273234087936, 350, '2023-11-22 17:38:56', '亲密付', null, 1000000000000000005, 1000000000000000005, 10001, '2023-11-29 15:58:17', '2023-11-29 15:58:17', 0);
INSERT INTO account_book.funds_record (funds_record_id, funds_record_balance, funds_record_time, funds_record_describe, funds_record_remark, funds_record_classify_id, funds_account_id, funds_user_id, create_time, modify_time, invalid) VALUES (1179451665778999296, 8589, '2023-11-22 16:40:30', '中药费', null, 1000000000000000017, 1000000000000000005, 10001, '2023-11-29 15:59:50', '2023-11-29 15:59:50', 0);
INSERT INTO account_book.funds_record (funds_record_id, funds_record_balance, funds_record_time, funds_record_describe, funds_record_remark, funds_record_classify_id, funds_account_id, funds_user_id, create_time, modify_time, invalid) VALUES (1179451895048044544, 2497, '2023-11-22 16:21:04', '出行--中医馆', null, 1000000000000000008, 1000000000000000005, 10001, '2023-11-29 16:00:45', '2023-11-29 16:00:45', 0);
INSERT INTO account_book.funds_record (funds_record_id, funds_record_balance, funds_record_time, funds_record_describe, funds_record_remark, funds_record_classify_id, funds_account_id, funds_user_id, create_time, modify_time, invalid) VALUES (1179452141194969088, 6512, '2023-11-22 09:52:55', '中药费', '', 1000000000000000017, 1000000000000000005, 10001, '2023-11-29 16:01:44', '2023-11-29 16:01:44', 0);
INSERT INTO account_book.funds_record (funds_record_id, funds_record_balance, funds_record_time, funds_record_describe, funds_record_remark, funds_record_classify_id, funds_account_id, funds_user_id, create_time, modify_time, invalid) VALUES (1179452294781992960, 2693, '2023-11-22 09:52:55', '出行--中医馆', null, 1000000000000000008, 1000000000000000005, 10001, '2023-11-29 16:02:20', '2023-11-29 16:02:20', 0);
INSERT INTO account_book.funds_record (funds_record_id, funds_record_balance, funds_record_time, funds_record_describe, funds_record_remark, funds_record_classify_id, funds_account_id, funds_user_id, create_time, modify_time, invalid) VALUES (1179452471349608448, 5690, '2023-11-22 09:24:32', '郁美净婴儿面霜', null, 1000000000000000024, 1000000000000000005, 10001, '2023-11-29 16:03:02', '2023-11-29 16:03:02', 0);
INSERT INTO account_book.funds_record (funds_record_id, funds_record_balance, funds_record_time, funds_record_describe, funds_record_remark, funds_record_classify_id, funds_account_id, funds_user_id, create_time, modify_time, invalid) VALUES (1179452609686142976, 1000, '2023-11-21 17:05:15', '电动车维修', null, 1000000000000000008, 1000000000000000005, 10001, '2023-11-29 16:03:35', '2023-11-29 16:03:35', 0);
INSERT INTO account_book.funds_record (funds_record_id, funds_record_balance, funds_record_time, funds_record_describe, funds_record_remark, funds_record_classify_id, funds_account_id, funds_user_id, create_time, modify_time, invalid) VALUES (1179452735540428800, 2500, '2023-11-21 16:23:47', '卤味', null, 1000000000000000005, 1000000000000000005, 10001, '2023-11-29 16:04:05', '2023-11-29 16:04:05', 0);
INSERT INTO account_book.funds_record (funds_record_id, funds_record_balance, funds_record_time, funds_record_describe, funds_record_remark, funds_record_classify_id, funds_account_id, funds_user_id, create_time, modify_time, invalid) VALUES (1179453150625529856, 500, '2023-11-21 10:20:39', '亲密付--出行？', null, 1000000000000000008, 1000000000000000005, 10001, '2023-11-29 16:05:44', '2023-11-29 16:05:44', 0);
INSERT INTO account_book.funds_record (funds_record_id, funds_record_balance, funds_record_time, funds_record_describe, funds_record_remark, funds_record_classify_id, funds_account_id, funds_user_id, create_time, modify_time, invalid) VALUES (1179453255009173504, 500, '2023-11-21 09:05:48', '亲密付--出行？', null, 1000000000000000008, 1000000000000000005, 10001, '2023-11-29 16:06:09', '2023-11-29 16:06:09', 0);
INSERT INTO account_book.funds_record (funds_record_id, funds_record_balance, funds_record_time, funds_record_describe, funds_record_remark, funds_record_classify_id, funds_account_id, funds_user_id, create_time, modify_time, invalid) VALUES (1179453378732752896, 1000, '2023-11-21 07:03:15', '出差打车', null, 1000000000000000008, 1000000000000000005, 10001, '2023-11-29 16:06:39', '2023-11-29 16:06:39', 0);
INSERT INTO account_book.funds_record (funds_record_id, funds_record_balance, funds_record_time, funds_record_describe, funds_record_remark, funds_record_classify_id, funds_account_id, funds_user_id, create_time, modify_time, invalid) VALUES (1179453553698144256, 1550, '2023-11-21 07:36:48', '超市零食', null, 1000000000000000005, 1000000000000000005, 10001, '2023-11-29 16:07:20', '2023-11-29 16:07:20', 0);
INSERT INTO account_book.funds_record (funds_record_id, funds_record_balance, funds_record_time, funds_record_describe, funds_record_remark, funds_record_classify_id, funds_account_id, funds_user_id, create_time, modify_time, invalid) VALUES (1179453773727137792, 899, '2023-11-21 07:23:38', '早餐--河南项目', null, 1000000000000000005, 1000000000000000005, 10001, '2023-11-29 16:08:13', '2023-11-29 16:08:13', 0);
INSERT INTO account_book.funds_record (funds_record_id, funds_record_balance, funds_record_time, funds_record_describe, funds_record_remark, funds_record_classify_id, funds_account_id, funds_user_id, create_time, modify_time, invalid) VALUES (1179453960893759488, 4000, '2023-11-20 18:18:20', '晚餐水饺', '河南项目', 1000000000000000005, 1000000000000000005, 10001, '2023-11-29 16:08:57', '2023-11-29 16:08:57', 0);
INSERT INTO account_book.funds_record (funds_record_id, funds_record_balance, funds_record_time, funds_record_describe, funds_record_remark, funds_record_classify_id, funds_account_id, funds_user_id, create_time, modify_time, invalid) VALUES (1179454218168172544, 450, '2023-11-20 15:19:35', '零食', '河南项目', 1000000000000000005, 1000000000000000005, 10001, '2023-11-29 16:09:59', '2023-11-29 16:09:59', 0);
INSERT INTO account_book.funds_record (funds_record_id, funds_record_balance, funds_record_time, funds_record_describe, funds_record_remark, funds_record_classify_id, funds_account_id, funds_user_id, create_time, modify_time, invalid) VALUES (1179454405527732224, 2200, '2023-11-20 11:50:10', '午餐', '河南项目', 1000000000000000005, 1000000000000000005, 10001, '2023-11-29 16:10:43', '2023-11-29 16:10:43', 0);
INSERT INTO account_book.funds_record (funds_record_id, funds_record_balance, funds_record_time, funds_record_describe, funds_record_remark, funds_record_classify_id, funds_account_id, funds_user_id, create_time, modify_time, invalid) VALUES (1179454756402233344, 10000, '2023-11-20 08:52:14', '话费充值', null, 1000000000000000023, 1000000000000000005, 10001, '2023-11-29 16:12:07', '2023-11-29 16:12:07', 0);
INSERT INTO account_book.funds_record (funds_record_id, funds_record_balance, funds_record_time, funds_record_describe, funds_record_remark, funds_record_classify_id, funds_account_id, funds_user_id, create_time, modify_time, invalid) VALUES (1179454949730287616, 524, '2023-11-20 08:33:24', '早餐', '河南项目', 1000000000000000005, 1000000000000000005, 10001, '2023-11-29 16:12:53', '2023-11-29 16:12:53', 0);
INSERT INTO account_book.funds_record (funds_record_id, funds_record_balance, funds_record_time, funds_record_describe, funds_record_remark, funds_record_classify_id, funds_account_id, funds_user_id, create_time, modify_time, invalid) VALUES (1179455113631105024, 47350, '2023-11-20 08:17:09', '动车票', '河南项目', 1000000000000000008, 1000000000000000005, 10001, '2023-11-29 16:13:32', '2023-11-29 16:13:32', 0);
INSERT INTO account_book.funds_record (funds_record_id, funds_record_balance, funds_record_time, funds_record_describe, funds_record_remark, funds_record_classify_id, funds_account_id, funds_user_id, create_time, modify_time, invalid) VALUES (1179455280073670656, 2520, '2023-11-20 07:17:52', '亲密付', null, 1000000000000000005, 1000000000000000005, 10001, '2023-11-29 16:14:12', '2023-11-29 16:14:12', 0);
INSERT INTO account_book.funds_record (funds_record_id, funds_record_balance, funds_record_time, funds_record_describe, funds_record_remark, funds_record_classify_id, funds_account_id, funds_user_id, create_time, modify_time, invalid) VALUES (1179455442670059520, 540, '2023-11-19 18:39:22', '超市零食', '河南项目', 1000000000000000005, 1000000000000000005, 10001, '2023-11-29 16:14:51', '2023-11-29 16:14:51', 0);
INSERT INTO account_book.funds_record (funds_record_id, funds_record_balance, funds_record_time, funds_record_describe, funds_record_remark, funds_record_classify_id, funds_account_id, funds_user_id, create_time, modify_time, invalid) VALUES (1179455573259714560, 2820, '2023-11-19 18:23:03', '亲密付', null, 1000000000000000005, 1000000000000000005, 10001, '2023-11-29 16:15:22', '2023-11-29 16:15:22', 0);
INSERT INTO account_book.funds_record (funds_record_id, funds_record_balance, funds_record_time, funds_record_describe, funds_record_remark, funds_record_classify_id, funds_account_id, funds_user_id, create_time, modify_time, invalid) VALUES (1179455920145432576, 300, '2023-11-19 17:59:34', '地铁票', '二七广场', 1000000000000000008, 1000000000000000005, 10001, '2023-11-29 16:16:45', '2023-11-29 16:16:45', 0);
INSERT INTO account_book.funds_record (funds_record_id, funds_record_balance, funds_record_time, funds_record_describe, funds_record_remark, funds_record_classify_id, funds_account_id, funds_user_id, create_time, modify_time, invalid) VALUES (1179456104162131968, 1000, '2023-11-19 17:09:59', '二七肉夹馍', '二七广场', 1000000000000000005, 1000000000000000005, 10001, '2023-11-29 16:17:28', '2023-11-29 16:17:28', 0);
INSERT INTO account_book.funds_record (funds_record_id, funds_record_balance, funds_record_time, funds_record_describe, funds_record_remark, funds_record_classify_id, funds_account_id, funds_user_id, create_time, modify_time, invalid) VALUES (1179456383481806848, 1000, '2023-11-19 16:56:00', '晚餐', '二七广场', 1000000000000000005, 1000000000000000005, 10001, '2023-11-29 16:18:35', '2023-11-29 16:18:35', 0);
INSERT INTO account_book.funds_record (funds_record_id, funds_record_balance, funds_record_time, funds_record_describe, funds_record_remark, funds_record_classify_id, funds_account_id, funds_user_id, create_time, modify_time, invalid) VALUES (1179456631973347328, 800, '2023-11-19 16:54:53', '冰糖炖雪梨', '二七广场', 1000000000000000005, 1000000000000000005, 10001, '2023-11-29 16:19:34', '2023-11-29 16:19:34', 0);
INSERT INTO account_book.funds_record (funds_record_id, funds_record_balance, funds_record_time, funds_record_describe, funds_record_remark, funds_record_classify_id, funds_account_id, funds_user_id, create_time, modify_time, invalid) VALUES (1179456732368207872, 300, '2023-11-19 16:21:41', '地铁票', '二七广场', 1000000000000000008, 1000000000000000005, 10001, '2023-11-29 16:19:58', '2023-11-29 16:19:58', 0);
INSERT INTO account_book.funds_record (funds_record_id, funds_record_balance, funds_record_time, funds_record_describe, funds_record_remark, funds_record_classify_id, funds_account_id, funds_user_id, create_time, modify_time, invalid) VALUES (1179456880230006784, 400, '2023-11-19 14:20:14', '超市零食', null, 1000000000000000005, 1000000000000000005, 10001, '2023-11-29 16:20:33', '2023-11-29 16:20:33', 0);
INSERT INTO account_book.funds_record (funds_record_id, funds_record_balance, funds_record_time, funds_record_describe, funds_record_remark, funds_record_classify_id, funds_account_id, funds_user_id, create_time, modify_time, invalid) VALUES (1179457013344632832, 2200, '2023-11-19 12:01:40', '煲仔饭--午餐', '河南项目', 1000000000000000005, 1000000000000000005, 10001, '2023-11-29 16:21:05', '2023-11-29 16:21:05', 0);
INSERT INTO account_book.funds_record (funds_record_id, funds_record_balance, funds_record_time, funds_record_describe, funds_record_remark, funds_record_classify_id, funds_account_id, funds_user_id, create_time, modify_time, invalid) VALUES (1179457163576213504, 300, '2023-11-19 10:21:20', '超市-零食', null, 1000000000000000005, 1000000000000000005, 10001, '2023-11-29 16:21:41', '2023-11-29 16:21:41', 0);
INSERT INTO account_book.funds_record (funds_record_id, funds_record_balance, funds_record_time, funds_record_describe, funds_record_remark, funds_record_classify_id, funds_account_id, funds_user_id, create_time, modify_time, invalid) VALUES (1179457310666260480, 870, '2023-11-19 09:54:52', '早餐', '河南项目', 1000000000000000005, 1000000000000000005, 10001, '2023-11-29 16:22:16', '2023-11-29 16:22:16', 0);
INSERT INTO account_book.funds_record (funds_record_id, funds_record_balance, funds_record_time, funds_record_describe, funds_record_remark, funds_record_classify_id, funds_account_id, funds_user_id, create_time, modify_time, invalid) VALUES (1179457554766364672, 6693, '2023-11-18 22:22:25', '玩具汽车', '给儿子玩具', 1000000000000000024, 1000000000000000005, 10001, '2023-11-29 16:23:14', '2023-11-29 16:23:14', 0);
INSERT INTO account_book.funds_record (funds_record_id, funds_record_balance, funds_record_time, funds_record_describe, funds_record_remark, funds_record_classify_id, funds_account_id, funds_user_id, create_time, modify_time, invalid) VALUES (1179457797025169408, 3134, '2023-11-18 21:29:38', '拖鞋退款', null, 1000000000000000036, 1000000000000000005, 10001, '2023-11-29 16:24:12', '2023-11-29 16:24:12', 0);
INSERT INTO account_book.funds_record (funds_record_id, funds_record_balance, funds_record_time, funds_record_describe, funds_record_remark, funds_record_classify_id, funds_account_id, funds_user_id, create_time, modify_time, invalid) VALUES (1179458054446383104, 1000, '2023-11-18 17:24:22', '晚餐--胡辣汤', '河南项目', 1000000000000000005, 1000000000000000005, 10001, '2023-11-29 16:25:13', '2023-11-29 16:25:13', 0);
INSERT INTO account_book.funds_record (funds_record_id, funds_record_balance, funds_record_time, funds_record_describe, funds_record_remark, funds_record_classify_id, funds_account_id, funds_user_id, create_time, modify_time, invalid) VALUES (1179458189981122560, 200, '2023-11-18 15:25:24', '超市--零食', null, 1000000000000000005, 1000000000000000005, 10001, '2023-11-29 16:25:46', '2023-11-29 16:25:46', 0);
INSERT INTO account_book.funds_record (funds_record_id, funds_record_balance, funds_record_time, funds_record_describe, funds_record_remark, funds_record_classify_id, funds_account_id, funds_user_id, create_time, modify_time, invalid) VALUES (1179458356549517312, 2200, '2023-11-18 12:03:55', '午餐--煲仔饭', '河南项目', 1000000000000000005, 1000000000000000005, 10001, '2023-11-29 16:26:25', '2023-11-29 16:26:25', 0);
INSERT INTO account_book.funds_record (funds_record_id, funds_record_balance, funds_record_time, funds_record_describe, funds_record_remark, funds_record_classify_id, funds_account_id, funds_user_id, create_time, modify_time, invalid) VALUES (1179458462212423680, 700, '2023-11-18 10:26:34', '超市--零食', null, 1000000000000000005, 1000000000000000005, 10001, '2023-11-29 16:26:51', '2023-11-29 16:26:51', 0);
INSERT INTO account_book.funds_record (funds_record_id, funds_record_balance, funds_record_time, funds_record_describe, funds_record_remark, funds_record_classify_id, funds_account_id, funds_user_id, create_time, modify_time, invalid) VALUES (1179458561785200640, 1200, '2023-11-18 10:26:59', '亲密付', null, 1000000000000000005, 1000000000000000005, 10001, '2023-11-29 16:27:14', '2023-11-29 16:27:14', 0);
INSERT INTO account_book.funds_record (funds_record_id, funds_record_balance, funds_record_time, funds_record_describe, funds_record_remark, funds_record_classify_id, funds_account_id, funds_user_id, create_time, modify_time, invalid) VALUES (1179458681620660224, 400, '2023-11-18 09:27:20', '亲密付', null, 1000000000000000005, 1000000000000000005, 10001, '2023-11-29 16:27:43', '2023-11-29 16:27:43', 0);
INSERT INTO account_book.funds_record (funds_record_id, funds_record_balance, funds_record_time, funds_record_describe, funds_record_remark, funds_record_classify_id, funds_account_id, funds_user_id, create_time, modify_time, invalid) VALUES (1179458826500308992, 600, '2023-11-18 09:04:52', '早餐', '河南项目', 1000000000000000005, 1000000000000000005, 10001, '2023-11-29 16:28:18', '2023-11-29 16:28:18', 0);
INSERT INTO account_book.funds_record (funds_record_id, funds_record_balance, funds_record_time, funds_record_describe, funds_record_remark, funds_record_classify_id, funds_account_id, funds_user_id, create_time, modify_time, invalid) VALUES (1179459010022080512, 1400, '2023-11-17 19:28:47', '亲密付', null, 1000000000000000005, 1000000000000000005, 10001, '2023-11-29 16:29:01', '2023-11-29 16:29:01', 0);
INSERT INTO account_book.funds_record (funds_record_id, funds_record_balance, funds_record_time, funds_record_describe, funds_record_remark, funds_record_classify_id, funds_account_id, funds_user_id, create_time, modify_time, invalid) VALUES (1179459151042969600, 1590, '2023-11-17 18:29:16', '晚餐--热干面', '河南项目', 1000000000000000005, 1000000000000000005, 10001, '2023-11-29 16:29:35', '2023-11-29 16:29:35', 0);
INSERT INTO account_book.funds_record (funds_record_id, funds_record_balance, funds_record_time, funds_record_describe, funds_record_remark, funds_record_classify_id, funds_account_id, funds_user_id, create_time, modify_time, invalid) VALUES (1179459247419686912, 3100, '2023-11-17 17:29:42', '亲密付', null, 1000000000000000005, 1000000000000000005, 10001, '2023-11-29 16:29:58', '2023-11-29 16:29:58', 0);
INSERT INTO account_book.funds_record (funds_record_id, funds_record_balance, funds_record_time, funds_record_describe, funds_record_remark, funds_record_classify_id, funds_account_id, funds_user_id, create_time, modify_time, invalid) VALUES (1179459374603567104, 630, '2023-11-17 12:30:08', '超市--零食', null, 1000000000000000005, 1000000000000000005, 10001, '2023-11-29 16:30:28', '2023-11-29 16:30:28', 0);
INSERT INTO account_book.funds_record (funds_record_id, funds_record_balance, funds_record_time, funds_record_describe, funds_record_remark, funds_record_classify_id, funds_account_id, funds_user_id, create_time, modify_time, invalid) VALUES (1179459471240331264, 2200, '2023-11-17 12:30:34', '午餐--煲仔饭', '河南项目', 1000000000000000005, 1000000000000000005, 10001, '2023-11-29 16:30:51', '2023-11-29 16:30:51', 0);
INSERT INTO account_book.funds_record (funds_record_id, funds_record_balance, funds_record_time, funds_record_describe, funds_record_remark, funds_record_classify_id, funds_account_id, funds_user_id, create_time, modify_time, invalid) VALUES (1179459880214331392, 550, '2023-11-17 08:31:02', '早餐', null, 1000000000000000005, 1000000000000000005, 10001, '2023-11-29 16:32:29', '2023-11-29 16:32:29', 0);
INSERT INTO account_book.funds_record (funds_record_id, funds_record_balance, funds_record_time, funds_record_describe, funds_record_remark, funds_record_classify_id, funds_account_id, funds_user_id, create_time, modify_time, invalid) VALUES (1179459996337831936, 2150, '2023-11-16 19:32:38', '感冒药', null, 1000000000000000017, 1000000000000000005, 10001, '2023-11-29 16:32:56', '2023-11-29 16:32:56', 0);
INSERT INTO account_book.funds_record (funds_record_id, funds_record_balance, funds_record_time, funds_record_describe, funds_record_remark, funds_record_classify_id, funds_account_id, funds_user_id, create_time, modify_time, invalid) VALUES (1179460129095942144, 1600, '2023-11-16 18:33:05', '晚餐--刀削面', '河南项目', 1000000000000000005, 1000000000000000005, 10001, '2023-11-29 16:33:28', '2023-11-29 16:33:28', 0);
INSERT INTO account_book.funds_record (funds_record_id, funds_record_balance, funds_record_time, funds_record_describe, funds_record_remark, funds_record_classify_id, funds_account_id, funds_user_id, create_time, modify_time, invalid) VALUES (1179460276219543552, 200, '2023-11-16 16:33:48', '超市-零食', null, 1000000000000000005, 1000000000000000005, 10001, '2023-11-29 16:34:03', '2023-11-29 16:34:03', 0);
INSERT INTO account_book.funds_record (funds_record_id, funds_record_balance, funds_record_time, funds_record_describe, funds_record_remark, funds_record_classify_id, funds_account_id, funds_user_id, create_time, modify_time, invalid) VALUES (1179460617048686592, 1070, '2023-11-16 12:35:04', '超市--零食', null, 1000000000000000005, 1000000000000000005, 10001, '2023-11-29 16:35:24', '2023-11-29 16:35:24', 0);
INSERT INTO account_book.funds_record (funds_record_id, funds_record_balance, funds_record_time, funds_record_describe, funds_record_remark, funds_record_classify_id, funds_account_id, funds_user_id, create_time, modify_time, invalid) VALUES (1179460827086848000, 1600, '2023-11-16 11:35:51', '午餐--烩面', '河南项目', 1000000000000000005, 1000000000000000005, 10001, '2023-11-29 16:36:15', '2023-11-29 16:36:15', 0);
INSERT INTO account_book.funds_record (funds_record_id, funds_record_balance, funds_record_time, funds_record_describe, funds_record_remark, funds_record_classify_id, funds_account_id, funds_user_id, create_time, modify_time, invalid) VALUES (1179460934934986752, 900, '2023-11-16 08:36:22', '早餐', '河南项目', 1000000000000000005, 1000000000000000005, 10001, '2023-11-29 16:36:40', '2023-11-29 16:36:40', 0);
INSERT INTO account_book.funds_record (funds_record_id, funds_record_balance, funds_record_time, funds_record_describe, funds_record_remark, funds_record_classify_id, funds_account_id, funds_user_id, create_time, modify_time, invalid) VALUES (1179462376831844352, 3100, '2023-11-15 22:42:05', '夜宵--零食', null, 1000000000000000005, 1000000000000000005, 10001, '2023-11-29 16:42:24', '2023-11-29 16:42:24', 0);
INSERT INTO account_book.funds_record (funds_record_id, funds_record_balance, funds_record_time, funds_record_describe, funds_record_remark, funds_record_classify_id, funds_account_id, funds_user_id, create_time, modify_time, invalid) VALUES (1179462475951636480, 2300, '2023-11-15 22:42:30', '夜宵', null, 1000000000000000005, 1000000000000000005, 10001, '2023-11-29 16:42:48', '2023-11-29 16:42:48', 0);
INSERT INTO account_book.funds_record (funds_record_id, funds_record_balance, funds_record_time, funds_record_describe, funds_record_remark, funds_record_classify_id, funds_account_id, funds_user_id, create_time, modify_time, invalid) VALUES (1179462585087426560, 580, '2023-11-15 21:42:58', '超市--热饮', null, 1000000000000000005, 1000000000000000005, 10001, '2023-11-29 16:43:14', '2023-11-29 16:43:14', 0);
INSERT INTO account_book.funds_record (funds_record_id, funds_record_balance, funds_record_time, funds_record_describe, funds_record_remark, funds_record_classify_id, funds_account_id, funds_user_id, create_time, modify_time, invalid) VALUES (1179462683750039552, 340, '2023-11-15 21:43:18', '超市--零食', null, 1000000000000000005, 1000000000000000005, 10001, '2023-11-29 16:43:37', '2023-11-29 16:43:37', 0);
INSERT INTO account_book.funds_record (funds_record_id, funds_record_balance, funds_record_time, funds_record_describe, funds_record_remark, funds_record_classify_id, funds_account_id, funds_user_id, create_time, modify_time, invalid) VALUES (1179462799324086272, 1590, '2023-11-15 18:43:45', '晚餐--热干面', '河南项目', 1000000000000000005, 1000000000000000005, 10001, '2023-11-29 16:44:05', '2023-11-29 16:44:05', 0);
INSERT INTO account_book.funds_record (funds_record_id, funds_record_balance, funds_record_time, funds_record_describe, funds_record_remark, funds_record_classify_id, funds_account_id, funds_user_id, create_time, modify_time, invalid) VALUES (1179462911840485376, 500, '2023-11-15 13:44:11', '超市--零食', null, 1000000000000000005, 1000000000000000005, 10001, '2023-11-29 16:44:32', '2023-11-29 16:44:32', 0);
INSERT INTO account_book.funds_record (funds_record_id, funds_record_balance, funds_record_time, funds_record_describe, funds_record_remark, funds_record_classify_id, funds_account_id, funds_user_id, create_time, modify_time, invalid) VALUES (1179463033613713408, 2600, '2023-11-15 12:44:40', '午餐--煲仔饭', '河南项目', 1000000000000000005, 1000000000000000005, 10001, '2023-11-29 16:45:01', '2023-11-29 16:45:01', 0);
INSERT INTO account_book.funds_record (funds_record_id, funds_record_balance, funds_record_time, funds_record_describe, funds_record_remark, funds_record_classify_id, funds_account_id, funds_user_id, create_time, modify_time, invalid) VALUES (1179463455556501504, 650, '2023-11-15 08:46:23', '早餐', '河南项目', 1000000000000000005, 1000000000000000005, 10001, '2023-11-29 16:46:41', '2023-11-29 16:46:41', 0);
INSERT INTO account_book.funds_record (funds_record_id, funds_record_balance, funds_record_time, funds_record_describe, funds_record_remark, funds_record_classify_id, funds_account_id, funds_user_id, create_time, modify_time, invalid) VALUES (1179463682338324480, 100, '2023-11-14 20:47:14', '亲密付', null, 1000000000000000008, 1000000000000000005, 10001, '2023-11-29 16:47:35', '2023-11-29 16:47:35', 0);
INSERT INTO account_book.funds_record (funds_record_id, funds_record_balance, funds_record_time, funds_record_describe, funds_record_remark, funds_record_classify_id, funds_account_id, funds_user_id, create_time, modify_time, invalid) VALUES (1179463808293273600, 200, '2023-11-14 19:47:45', '亲密付', null, 1000000000000000008, 1000000000000000005, 10001, '2023-11-29 16:48:05', '2023-11-29 16:48:05', 0);
INSERT INTO account_book.funds_record (funds_record_id, funds_record_balance, funds_record_time, funds_record_describe, funds_record_remark, funds_record_classify_id, funds_account_id, funds_user_id, create_time, modify_time, invalid) VALUES (1179463951310651392, 1500, '2023-11-14 18:48:18', '晚餐--面', null, 1000000000000000005, 1000000000000000005, 10001, '2023-11-29 16:48:39', '2023-11-29 16:48:39', 0);
INSERT INTO account_book.funds_record (funds_record_id, funds_record_balance, funds_record_time, funds_record_describe, funds_record_remark, funds_record_classify_id, funds_account_id, funds_user_id, create_time, modify_time, invalid) VALUES (1179464141249708032, 700, '2023-11-14 13:49:03', '超市--零食', null, 1000000000000000005, 1000000000000000005, 10001, '2023-11-29 16:49:25', '2023-11-29 16:49:25', 0);
INSERT INTO account_book.funds_record (funds_record_id, funds_record_balance, funds_record_time, funds_record_describe, funds_record_remark, funds_record_classify_id, funds_account_id, funds_user_id, create_time, modify_time, invalid) VALUES (1179464333122338816, 1634, '2023-11-14 13:49:34', '河南博物院出行', null, 1000000000000000008, 1000000000000000005, 10001, '2023-11-29 16:50:10', '2023-11-29 16:50:10', 0);
INSERT INTO account_book.funds_record (funds_record_id, funds_record_balance, funds_record_time, funds_record_describe, funds_record_remark, funds_record_classify_id, funds_account_id, funds_user_id, create_time, modify_time, invalid) VALUES (1179464454895566848, 1800, '2023-11-14 13:50:17', '午餐--烩面', '河南项目', 1000000000000000005, 1000000000000000005, 10001, '2023-11-29 16:50:39', '2023-11-29 16:50:39', 0);
INSERT INTO account_book.funds_record (funds_record_id, funds_record_balance, funds_record_time, funds_record_describe, funds_record_remark, funds_record_classify_id, funds_account_id, funds_user_id, create_time, modify_time, invalid) VALUES (1179464581764874240, 600, '2023-11-14 12:50:47', '起点充值', null, 1000000000000000020, 1000000000000000005, 10001, '2023-11-29 16:51:10', '2023-11-29 16:51:10', 0);
INSERT INTO account_book.funds_record (funds_record_id, funds_record_balance, funds_record_time, funds_record_describe, funds_record_remark, funds_record_classify_id, funds_account_id, funds_user_id, create_time, modify_time, invalid) VALUES (1179464726770352128, 1628, '2023-11-14 11:51:18', '河南博物院打车', null, 1000000000000000008, 1000000000000000005, 10001, '2023-11-29 16:51:44', '2023-11-29 16:51:44', 0);
INSERT INTO account_book.funds_record (funds_record_id, funds_record_balance, funds_record_time, funds_record_describe, funds_record_remark, funds_record_classify_id, funds_account_id, funds_user_id, create_time, modify_time, invalid) VALUES (1179464844659654656, 850, '2023-11-14 08:51:52', '早餐', '河南项目', 1000000000000000005, 1000000000000000005, 10001, '2023-11-29 16:52:12', '2023-11-29 16:52:12', 0);
INSERT INTO account_book.funds_record (funds_record_id, funds_record_balance, funds_record_time, funds_record_describe, funds_record_remark, funds_record_classify_id, funds_account_id, funds_user_id, create_time, modify_time, invalid) VALUES (1179464982090219520, 800, '2023-11-13 20:52:29', '亲密付', null, 1000000000000000005, 1000000000000000005, 10001, '2023-11-29 16:52:45', '2023-11-29 16:52:45', 0);
INSERT INTO account_book.funds_record (funds_record_id, funds_record_balance, funds_record_time, funds_record_describe, funds_record_remark, funds_record_classify_id, funds_account_id, funds_user_id, create_time, modify_time, invalid) VALUES (1179465121789902848, 2400, '2023-11-13 18:52:59', '晚餐', '河南项目', 1000000000000000005, 1000000000000000005, 10001, '2023-11-29 16:53:18', '2023-11-29 16:53:18', 0);
INSERT INTO account_book.funds_record (funds_record_id, funds_record_balance, funds_record_time, funds_record_describe, funds_record_remark, funds_record_classify_id, funds_account_id, funds_user_id, create_time, modify_time, invalid) VALUES (1179465237368143872, 2000, '2023-11-13 12:53:26', '午餐--煲仔饭', null, 1000000000000000005, 1000000000000000005, 10001, '2023-11-29 16:53:46', '2023-11-29 16:53:46', 0);
INSERT INTO account_book.funds_record (funds_record_id, funds_record_balance, funds_record_time, funds_record_describe, funds_record_remark, funds_record_classify_id, funds_account_id, funds_user_id, create_time, modify_time, invalid) VALUES (1179465432059346944, 2160, '2023-11-13 10:54:05', '去中医馆车费', '延后付款', 1000000000000000008, 1000000000000000005, 10001, '2023-11-29 16:54:32', '2023-11-29 16:54:32', 0);
INSERT INTO account_book.funds_record (funds_record_id, funds_record_balance, funds_record_time, funds_record_describe, funds_record_remark, funds_record_classify_id, funds_account_id, funds_user_id, create_time, modify_time, invalid) VALUES (1179465574338527232, 3580, '2023-11-13 07:54:41', '电动车挡风被', null, 1000000000000000016, 1000000000000000005, 10001, '2023-11-29 16:55:06', '2023-11-29 16:55:06', 0);
INSERT INTO account_book.funds_record (funds_record_id, funds_record_balance, funds_record_time, funds_record_describe, funds_record_remark, funds_record_classify_id, funds_account_id, funds_user_id, create_time, modify_time, invalid) VALUES (1179465816039489536, 1044, '2023-11-13 08:55:41', '早餐', '河南项目', 1000000000000000005, 1000000000000000005, 10001, '2023-11-29 16:56:04', '2023-11-29 16:56:04', 0);
INSERT INTO account_book.funds_record (funds_record_id, funds_record_balance, funds_record_time, funds_record_describe, funds_record_remark, funds_record_classify_id, funds_account_id, funds_user_id, create_time, modify_time, invalid) VALUES (1179465931294769152, 1600, '2023-11-12 19:56:11', '晚餐--烩面', '河南项目', 1000000000000000005, 1000000000000000005, 10001, '2023-11-29 16:56:31', '2023-11-29 16:56:31', 0);
INSERT INTO account_book.funds_record (funds_record_id, funds_record_balance, funds_record_time, funds_record_describe, funds_record_remark, funds_record_classify_id, funds_account_id, funds_user_id, create_time, modify_time, invalid) VALUES (1179466070273032192, 300, '2023-11-12 19:56:46', '超市--饮料', null, 1000000000000000005, 1000000000000000005, 10001, '2023-11-29 16:57:05', '2023-11-29 16:57:05', 0);
INSERT INTO account_book.funds_record (funds_record_id, funds_record_balance, funds_record_time, funds_record_describe, funds_record_remark, funds_record_classify_id, funds_account_id, funds_user_id, create_time, modify_time, invalid) VALUES (1179466219728666624, 1300, '2023-11-12 19:57:10', '出租车', '河南项目', 1000000000000000008, 1000000000000000005, 10001, '2023-11-29 16:57:40', '2023-11-29 16:57:40', 0);
INSERT INTO account_book.funds_record (funds_record_id, funds_record_balance, funds_record_time, funds_record_describe, funds_record_remark, funds_record_classify_id, funds_account_id, funds_user_id, create_time, modify_time, invalid) VALUES (1179466340537204736, 600, '2023-11-12 14:57:50', '地铁票', '', 1000000000000000008, 1000000000000000005, 10001, '2023-11-29 16:58:09', '2023-11-29 16:58:09', 0);
INSERT INTO account_book.funds_record (funds_record_id, funds_record_balance, funds_record_time, funds_record_describe, funds_record_remark, funds_record_classify_id, funds_account_id, funds_user_id, create_time, modify_time, invalid) VALUES (1179466445013123072, 600, '2023-11-12 13:58:18', '地铁票', null, 1000000000000000008, 1000000000000000005, 10001, '2023-11-29 16:58:34', '2023-11-29 16:58:34', 0);
INSERT INTO account_book.funds_record (funds_record_id, funds_record_balance, funds_record_time, funds_record_describe, funds_record_remark, funds_record_classify_id, funds_account_id, funds_user_id, create_time, modify_time, invalid) VALUES (1179466530631450624, 950, '2023-11-12 12:58:41', '超市--零食', null, 1000000000000000005, 1000000000000000005, 10001, '2023-11-29 16:58:54', '2023-11-29 16:58:54', 0);
INSERT INTO account_book.funds_record (funds_record_id, funds_record_balance, funds_record_time, funds_record_describe, funds_record_remark, funds_record_classify_id, funds_account_id, funds_user_id, create_time, modify_time, invalid) VALUES (1179466670104641536, 4490, '2023-11-12 12:59:05', '秋裤退款', null, 1000000000000000036, 1000000000000000005, 10001, '2023-11-29 16:59:28', '2023-11-29 09:48:52', 1);
INSERT INTO account_book.funds_record (funds_record_id, funds_record_balance, funds_record_time, funds_record_describe, funds_record_remark, funds_record_classify_id, funds_account_id, funds_user_id, create_time, modify_time, invalid) VALUES (1179466859234197504, 4490, '2023-11-12 12:59:53', '秋裤退款', null, 1000000000000000036, 1000000000000000005, 10001, '2023-11-29 17:00:13', '2023-11-29 09:47:56', 1);
INSERT INTO account_book.funds_record (funds_record_id, funds_record_balance, funds_record_time, funds_record_describe, funds_record_remark, funds_record_classify_id, funds_account_id, funds_user_id, create_time, modify_time, invalid) VALUES (1179467044240752640, 1200, '2023-11-12 12:00:21', '退货快递费', null, 1000000000000000024, 1000000000000000005, 10001, '2023-11-29 17:00:57', '2023-11-29 17:00:57', 0);
INSERT INTO account_book.funds_record (funds_record_id, funds_record_balance, funds_record_time, funds_record_describe, funds_record_remark, funds_record_classify_id, funds_account_id, funds_user_id, create_time, modify_time, invalid) VALUES (1179467372663144448, 4500, '2023-11-12 12:01:47', '麦当劳套餐', null, 1000000000000000005, 1000000000000000005, 10001, '2023-11-29 17:02:15', '2023-11-29 17:02:15', 0);
INSERT INTO account_book.funds_record (funds_record_id, funds_record_balance, funds_record_time, funds_record_describe, funds_record_remark, funds_record_classify_id, funds_account_id, funds_user_id, create_time, modify_time, invalid) VALUES (1179467596936773632, 5956, '2023-11-12 12:02:35', '秋衣退款', null, 1000000000000000036, 1000000000000000005, 10001, '2023-11-29 17:03:09', '2023-11-29 09:49:00', 1);
INSERT INTO account_book.funds_record (funds_record_id, funds_record_balance, funds_record_time, funds_record_describe, funds_record_remark, funds_record_classify_id, funds_account_id, funds_user_id, create_time, modify_time, invalid) VALUES (1179467728444981248, 1702, '2023-11-12 07:03:22', '药品', null, 1000000000000000017, 1000000000000000005, 10001, '2023-11-29 17:03:40', '2023-11-29 17:03:40', 0);
INSERT INTO account_book.funds_record (funds_record_id, funds_record_balance, funds_record_time, funds_record_describe, funds_record_remark, funds_record_classify_id, funds_account_id, funds_user_id, create_time, modify_time, invalid) VALUES (1179467919000600576, 1000, '2023-11-11 16:03:49', '寄件', '杭州银行资料', 1000000000000000007, 1000000000000000005, 10001, '2023-11-29 17:04:25', '2023-11-29 17:04:25', 0);
INSERT INTO account_book.funds_record (funds_record_id, funds_record_balance, funds_record_time, funds_record_describe, funds_record_remark, funds_record_classify_id, funds_account_id, funds_user_id, create_time, modify_time, invalid) VALUES (1179468324807901184, 50750, '2023-11-11 14:04:40', '动车票', '河南项目', 1000000000000000008, 1000000000000000005, 10001, '2023-11-29 17:06:02', '2023-11-29 17:06:02', 0);
INSERT INTO account_book.funds_record (funds_record_id, funds_record_balance, funds_record_time, funds_record_describe, funds_record_remark, funds_record_classify_id, funds_account_id, funds_user_id, create_time, modify_time, invalid) VALUES (1179468436661600256, 2800, '2023-11-11 13:06:09', '亲密付', null, 1000000000000000005, 1000000000000000005, 10001, '2023-11-29 17:06:29', '2023-11-29 17:06:29', 0);
INSERT INTO account_book.funds_record (funds_record_id, funds_record_balance, funds_record_time, funds_record_describe, funds_record_remark, funds_record_classify_id, funds_account_id, funds_user_id, create_time, modify_time, invalid) VALUES (1179468639040962560, 100, '2023-11-11 13:06:33', '电动车充电', null, 1000000000000000008, 1000000000000000005, 10001, '2023-11-29 17:07:17', '2023-11-29 17:07:17', 0);
INSERT INTO account_book.funds_record (funds_record_id, funds_record_balance, funds_record_time, funds_record_describe, funds_record_remark, funds_record_classify_id, funds_account_id, funds_user_id, create_time, modify_time, invalid) VALUES (1179468761367838720, 5778, '2023-11-11 12:07:26', '超市--日用品', null, 1000000000000000016, 1000000000000000005, 10001, '2023-11-29 17:07:46', '2023-11-29 17:07:46', 0);
INSERT INTO account_book.funds_record (funds_record_id, funds_record_balance, funds_record_time, funds_record_describe, funds_record_remark, funds_record_classify_id, funds_account_id, funds_user_id, create_time, modify_time, invalid) VALUES (1179468868779769856, 1400, '2023-11-11 12:07:57', '亲密付', null, 1000000000000000005, 1000000000000000005, 10001, '2023-11-29 17:08:12', '2023-11-29 17:08:12', 0);
INSERT INTO account_book.funds_record (funds_record_id, funds_record_balance, funds_record_time, funds_record_describe, funds_record_remark, funds_record_classify_id, funds_account_id, funds_user_id, create_time, modify_time, invalid) VALUES (1179469019866988544, 6990, '2023-11-11 12:08:28', '亲密付', null, 1000000000000000005, 1000000000000000005, 10001, '2023-11-29 17:08:48', '2023-11-29 17:08:48', 0);
INSERT INTO account_book.funds_record (funds_record_id, funds_record_balance, funds_record_time, funds_record_describe, funds_record_remark, funds_record_classify_id, funds_account_id, funds_user_id, create_time, modify_time, invalid) VALUES (1179469147294138368, 45800, '2023-11-11 11:08:56', '回力--鞋子', null, 1000000000000000006, 1000000000000000005, 10001, '2023-11-29 17:09:18', '2023-11-29 17:10:01', 0);
INSERT INTO account_book.funds_record (funds_record_id, funds_record_balance, funds_record_time, funds_record_describe, funds_record_remark, funds_record_classify_id, funds_account_id, funds_user_id, create_time, modify_time, invalid) VALUES (1179469264327802880, 73900, '2023-11-11 11:09:23', '裤子--波司登', null, 1000000000000000006, 1000000000000000005, 10001, '2023-11-29 17:09:46', '2023-11-29 17:10:15', 0);
INSERT INTO account_book.funds_record (funds_record_id, funds_record_balance, funds_record_time, funds_record_describe, funds_record_remark, funds_record_classify_id, funds_account_id, funds_user_id, create_time, modify_time, invalid) VALUES (1179469567840223232, 6512, '2023-11-11 10:10:36', '中药费', null, 1000000000000000017, 1000000000000000005, 10001, '2023-11-29 17:10:58', '2023-11-29 17:10:58', 0);
INSERT INTO account_book.funds_record (funds_record_id, funds_record_balance, funds_record_time, funds_record_describe, funds_record_remark, funds_record_classify_id, funds_account_id, funds_user_id, create_time, modify_time, invalid) VALUES (1179469680230793216, 10980, '2023-11-11 10:11:09', '中药费', null, 1000000000000000017, 1000000000000000005, 10001, '2023-11-29 17:11:25', '2023-11-29 17:11:25', 0);
INSERT INTO account_book.funds_record (funds_record_id, funds_record_balance, funds_record_time, funds_record_describe, funds_record_remark, funds_record_classify_id, funds_account_id, funds_user_id, create_time, modify_time, invalid) VALUES (1179469845872246784, 2590, '2023-11-09 20:11:40', '奶壶嘴', null, 1000000000000000024, 1000000000000000005, 10001, '2023-11-29 17:12:05', '2023-11-29 17:12:05', 0);
INSERT INTO account_book.funds_record (funds_record_id, funds_record_balance, funds_record_time, funds_record_describe, funds_record_remark, funds_record_classify_id, funds_account_id, funds_user_id, create_time, modify_time, invalid) VALUES (1179469980240969728, 2792, '2023-11-09 19:12:20', '超市--零食', null, 1000000000000000005, 1000000000000000005, 10001, '2023-11-29 17:12:37', '2023-11-29 17:12:37', 0);
INSERT INTO account_book.funds_record (funds_record_id, funds_record_balance, funds_record_time, funds_record_describe, funds_record_remark, funds_record_classify_id, funds_account_id, funds_user_id, create_time, modify_time, invalid) VALUES (1179470114156707840, 2650, '2023-11-09 07:12:50', '奶酪干', null, 1000000000000000005, 1000000000000000005, 10001, '2023-11-29 17:13:09', '2023-11-29 17:13:09', 0);
INSERT INTO account_book.funds_record (funds_record_id, funds_record_balance, funds_record_time, funds_record_describe, funds_record_remark, funds_record_classify_id, funds_account_id, funds_user_id, create_time, modify_time, invalid) VALUES (1179470218209001472, 600, '2023-11-06 19:13:16', '零食', null, 1000000000000000005, 1000000000000000005, 10001, '2023-11-29 17:13:34', '2023-11-29 10:10:42', 1);
INSERT INTO account_book.funds_record (funds_record_id, funds_record_balance, funds_record_time, funds_record_describe, funds_record_remark, funds_record_classify_id, funds_account_id, funds_user_id, create_time, modify_time, invalid) VALUES (1179470323246956544, 1061, '2023-11-08 16:13:44', '十足--零食', null, 1000000000000000005, 1000000000000000005, 10001, '2023-11-29 17:13:59', '2023-11-29 17:13:59', 0);
INSERT INTO account_book.funds_record (funds_record_id, funds_record_balance, funds_record_time, funds_record_describe, funds_record_remark, funds_record_classify_id, funds_account_id, funds_user_id, create_time, modify_time, invalid) VALUES (1179471212397461504, 2990, '2023-11-08 10:16:23', '秋衣秋裤', '原119.7，退款89.8', 1000000000000000024, 1000000000000000005, 10001, '2023-11-29 17:17:31', '2023-11-29 17:17:31', 0);
INSERT INTO account_book.funds_record (funds_record_id, funds_record_balance, funds_record_time, funds_record_describe, funds_record_remark, funds_record_classify_id, funds_account_id, funds_user_id, create_time, modify_time, invalid) VALUES (1179471523858087936, 42394, '2023-11-08 09:18:07', '秋衣套装', '原483.5，退款59.56', 1000000000000000024, 1000000000000000005, 10001, '2023-11-29 17:18:45', '2023-11-29 17:18:45', 0);
INSERT INTO account_book.funds_record (funds_record_id, funds_record_balance, funds_record_time, funds_record_describe, funds_record_remark, funds_record_classify_id, funds_account_id, funds_user_id, create_time, modify_time, invalid) VALUES (1179471684164386816, 7400, '2023-11-07 22:19:02', '儿童棉衣', null, 1000000000000000024, 1000000000000000005, 10001, '2023-11-29 17:19:23', '2023-11-29 17:19:23', 0);
INSERT INTO account_book.funds_record (funds_record_id, funds_record_balance, funds_record_time, funds_record_describe, funds_record_remark, funds_record_classify_id, funds_account_id, funds_user_id, create_time, modify_time, invalid) VALUES (1179471780293640192, 2700, '2023-11-07 18:19:32', '晚餐', null, 1000000000000000005, 1000000000000000005, 10001, '2023-11-29 17:19:46', '2023-11-29 17:19:46', 0);
INSERT INTO account_book.funds_record (funds_record_id, funds_record_balance, funds_record_time, funds_record_describe, funds_record_remark, funds_record_classify_id, funds_account_id, funds_user_id, create_time, modify_time, invalid) VALUES (1179471975320387584, 1886, '2023-11-07 11:19:55', '维普查重', null, 1000000000000000025, 1000000000000000005, 10001, '2023-11-29 17:20:32', '2023-11-29 17:55:59', 0);
INSERT INTO account_book.funds_record (funds_record_id, funds_record_balance, funds_record_time, funds_record_describe, funds_record_remark, funds_record_classify_id, funds_account_id, funds_user_id, create_time, modify_time, invalid) VALUES (1179472093134192640, 100, '2023-11-06 21:20:38', '电动车充电', null, 1000000000000000008, 1000000000000000005, 10001, '2023-11-29 17:21:01', '2023-11-29 17:21:01', 0);
INSERT INTO account_book.funds_record (funds_record_id, funds_record_balance, funds_record_time, funds_record_describe, funds_record_remark, funds_record_classify_id, funds_account_id, funds_user_id, create_time, modify_time, invalid) VALUES (1179472194837676032, 4350, '2023-11-06 20:21:11', '亲密付', null, 1000000000000000005, 1000000000000000005, 10001, '2023-11-29 17:21:25', '2023-11-29 17:21:25', 0);
INSERT INTO account_book.funds_record (funds_record_id, funds_record_balance, funds_record_time, funds_record_describe, funds_record_remark, funds_record_classify_id, funds_account_id, funds_user_id, create_time, modify_time, invalid) VALUES (1179472323061743616, 1400, '2023-11-06 19:21:34', '亲密付', null, 1000000000000000005, 1000000000000000005, 10001, '2023-11-29 17:21:55', '2023-11-29 17:21:55', 0);
INSERT INTO account_book.funds_record (funds_record_id, funds_record_balance, funds_record_time, funds_record_describe, funds_record_remark, funds_record_classify_id, funds_account_id, funds_user_id, create_time, modify_time, invalid) VALUES (1179472422655492096, 2600, '2023-11-06 18:22:03', '晚餐--膳当家', null, 1000000000000000005, 1000000000000000005, 10001, '2023-11-29 17:22:19', '2023-11-29 17:22:19', 0);
INSERT INTO account_book.funds_record (funds_record_id, funds_record_balance, funds_record_time, funds_record_describe, funds_record_remark, funds_record_classify_id, funds_account_id, funds_user_id, create_time, modify_time, invalid) VALUES (1179472526623899648, 2592, '2023-11-06 15:22:30', '亲密付', null, 1000000000000000005, 1000000000000000005, 10001, '2023-11-29 17:22:44', '2023-11-29 17:22:44', 0);
INSERT INTO account_book.funds_record (funds_record_id, funds_record_balance, funds_record_time, funds_record_describe, funds_record_remark, funds_record_classify_id, funds_account_id, funds_user_id, create_time, modify_time, invalid) VALUES (1179472673596506112, 10655, '2023-11-06 15:22:56', '冲牙器', null, 1000000000000000016, 1000000000000000005, 10001, '2023-11-29 17:23:19', '2023-11-29 17:23:19', 0);
INSERT INTO account_book.funds_record (funds_record_id, funds_record_balance, funds_record_time, funds_record_describe, funds_record_remark, funds_record_classify_id, funds_account_id, funds_user_id, create_time, modify_time, invalid) VALUES (1179472805121490944, 12450, '2023-11-06 15:23:26', '葡萄糖酸钙', null, 1000000000000000017, 1000000000000000005, 10001, '2023-11-29 17:23:50', '2023-11-29 17:23:50', 0);
INSERT INTO account_book.funds_record (funds_record_id, funds_record_balance, funds_record_time, funds_record_describe, funds_record_remark, funds_record_classify_id, funds_account_id, funds_user_id, create_time, modify_time, invalid) VALUES (1179473060890148864, 600, '2023-11-05 21:24:23', '地铁票', '雨欣婚礼', 1000000000000000008, 1000000000000000005, 10001, '2023-11-29 17:24:51', '2023-11-29 17:24:51', 0);
INSERT INTO account_book.funds_record (funds_record_id, funds_record_balance, funds_record_time, funds_record_describe, funds_record_remark, funds_record_classify_id, funds_account_id, funds_user_id, create_time, modify_time, invalid) VALUES (1179473200082321408, 10000, '2023-11-05 20:24:57', '西梅干', null, 1000000000000000005, 1000000000000000005, 10001, '2023-11-29 17:25:24', '2023-11-29 17:25:24', 0);
INSERT INTO account_book.funds_record (funds_record_id, funds_record_balance, funds_record_time, funds_record_describe, funds_record_remark, funds_record_classify_id, funds_account_id, funds_user_id, create_time, modify_time, invalid) VALUES (1179473501396926464, 3306, '2023-11-05 19:25:36', '打车费用', '雨欣婚礼', 1000000000000000008, 1000000000000000005, 10001, '2023-11-29 17:26:36', '2023-11-29 17:26:36', 0);
INSERT INTO account_book.funds_record (funds_record_id, funds_record_balance, funds_record_time, funds_record_describe, funds_record_remark, funds_record_classify_id, funds_account_id, funds_user_id, create_time, modify_time, invalid) VALUES (1179473703486881792, 2610, '2023-11-05 17:50:45', '打车费用', '雨欣婚礼', 1000000000000000008, 1000000000000000005, 10001, '2023-11-29 17:27:24', '2023-11-29 17:27:24', 0);
INSERT INTO account_book.funds_record (funds_record_id, funds_record_balance, funds_record_time, funds_record_describe, funds_record_remark, funds_record_classify_id, funds_account_id, funds_user_id, create_time, modify_time, invalid) VALUES (1179473831081803776, 150, '2023-11-05 15:27:33', '十足--纸巾', null, 1000000000000000016, 1000000000000000005, 10001, '2023-11-29 17:27:55', '2023-11-29 17:27:55', 0);
INSERT INTO account_book.funds_record (funds_record_id, funds_record_balance, funds_record_time, funds_record_describe, funds_record_remark, funds_record_classify_id, funds_account_id, funds_user_id, create_time, modify_time, invalid) VALUES (1179473945045237760, 4500, '2023-11-05 14:28:02', '麦当劳套餐', null, 1000000000000000005, 1000000000000000005, 10001, '2023-11-29 17:28:22', '2023-11-29 17:28:22', 0);
INSERT INTO account_book.funds_record (funds_record_id, funds_record_balance, funds_record_time, funds_record_describe, funds_record_remark, funds_record_classify_id, funds_account_id, funds_user_id, create_time, modify_time, invalid) VALUES (1179474066063491072, 200, '2023-11-05 14:28:33', '超市--饮料', null, 1000000000000000005, 1000000000000000005, 10001, '2023-11-29 17:28:51', '2023-11-29 17:28:51', 0);
INSERT INTO account_book.funds_record (funds_record_id, funds_record_balance, funds_record_time, funds_record_describe, funds_record_remark, funds_record_classify_id, funds_account_id, funds_user_id, create_time, modify_time, invalid) VALUES (1179474230484402176, 600, '2023-11-05 13:29:09', '地铁票', '雨欣婚礼', 1000000000000000008, 1000000000000000005, 10001, '2023-11-29 17:29:30', '2023-11-29 17:29:30', 0);
INSERT INTO account_book.funds_record (funds_record_id, funds_record_balance, funds_record_time, funds_record_describe, funds_record_remark, funds_record_classify_id, funds_account_id, funds_user_id, create_time, modify_time, invalid) VALUES (1179474418888343552, 150, '2023-11-05 11:29:53', '自行车租车', null, 1000000000000000008, 1000000000000000005, 10001, '2023-11-29 17:30:15', '2023-11-29 17:30:15', 0);
INSERT INTO account_book.funds_record (funds_record_id, funds_record_balance, funds_record_time, funds_record_describe, funds_record_remark, funds_record_classify_id, funds_account_id, funds_user_id, create_time, modify_time, invalid) VALUES (1179474720534298624, 2593, '2023-11-05 10:31:12', '亲密付', null, 1000000000000000005, 1000000000000000005, 10001, '2023-11-29 17:31:27', '2023-11-29 17:31:27', 0);
INSERT INTO account_book.funds_record (funds_record_id, funds_record_balance, funds_record_time, funds_record_describe, funds_record_remark, funds_record_classify_id, funds_account_id, funds_user_id, create_time, modify_time, invalid) VALUES (1179474865694965760, 250, '2023-11-05 10:31:38', '亲密付', null, 1000000000000000005, 1000000000000000005, 10001, '2023-11-29 17:32:02', '2023-11-29 17:32:02', 0);
INSERT INTO account_book.funds_record (funds_record_id, funds_record_balance, funds_record_time, funds_record_describe, funds_record_remark, funds_record_classify_id, funds_account_id, funds_user_id, create_time, modify_time, invalid) VALUES (1179474993407328256, 600, '2023-11-05 10:32:07', '亲密付', null, 1000000000000000008, 1000000000000000005, 10001, '2023-11-29 17:32:32', '2023-11-29 17:32:32', 0);
INSERT INTO account_book.funds_record (funds_record_id, funds_record_balance, funds_record_time, funds_record_describe, funds_record_remark, funds_record_classify_id, funds_account_id, funds_user_id, create_time, modify_time, invalid) VALUES (1179475102668947456, 600, '2023-11-05 10:32:40', '亲密付', null, 1000000000000000008, 1000000000000000005, 10001, '2023-11-29 17:32:58', '2023-11-29 17:32:58', 0);
INSERT INTO account_book.funds_record (funds_record_id, funds_record_balance, funds_record_time, funds_record_describe, funds_record_remark, funds_record_classify_id, funds_account_id, funds_user_id, create_time, modify_time, invalid) VALUES (1179475236110729216, 9685, '2023-11-05 10:33:10', '中药费', null, 1000000000000000017, 1000000000000000005, 10001, '2023-11-29 17:33:30', '2023-11-29 17:33:30', 0);
INSERT INTO account_book.funds_record (funds_record_id, funds_record_balance, funds_record_time, funds_record_describe, funds_record_remark, funds_record_classify_id, funds_account_id, funds_user_id, create_time, modify_time, invalid) VALUES (1179475440868261888, 10380, '2023-11-05 10:15:57', '中药费', null, 1000000000000000017, 1000000000000000005, 10001, '2023-11-29 17:34:19', '2023-11-29 17:34:19', 0);
INSERT INTO account_book.funds_record (funds_record_id, funds_record_balance, funds_record_time, funds_record_describe, funds_record_remark, funds_record_classify_id, funds_account_id, funds_user_id, create_time, modify_time, invalid) VALUES (1179475573919973376, 200, '2023-11-05 08:34:27', '超市--饮料', null, 1000000000000000005, 1000000000000000005, 10001, '2023-11-29 17:34:50', '2023-11-29 17:34:50', 0);
INSERT INTO account_book.funds_record (funds_record_id, funds_record_balance, funds_record_time, funds_record_describe, funds_record_remark, funds_record_classify_id, funds_account_id, funds_user_id, create_time, modify_time, invalid) VALUES (1179475677628334080, 1050, '2023-11-05 08:34:58', '早餐', null, 1000000000000000005, 1000000000000000005, 10001, '2023-11-29 17:35:15', '2023-11-29 17:35:15', 0);
INSERT INTO account_book.funds_record (funds_record_id, funds_record_balance, funds_record_time, funds_record_describe, funds_record_remark, funds_record_classify_id, funds_account_id, funds_user_id, create_time, modify_time, invalid) VALUES (1179475811288219648, 150, '2023-11-05 08:34:25', '自行车租车', null, 1000000000000000008, 1000000000000000005, 10001, '2023-11-29 17:35:47', '2023-11-29 17:35:57', 0);
INSERT INTO account_book.funds_record (funds_record_id, funds_record_balance, funds_record_time, funds_record_describe, funds_record_remark, funds_record_classify_id, funds_account_id, funds_user_id, create_time, modify_time, invalid) VALUES (1179476035993862144, 49900, '2023-11-05 08:41:06', '江博士鞋子', null, 1000000000000000024, 1000000000000000005, 10001, '2023-11-29 17:36:41', '2023-11-29 17:36:41', 0);
INSERT INTO account_book.funds_record (funds_record_id, funds_record_balance, funds_record_time, funds_record_describe, funds_record_remark, funds_record_classify_id, funds_account_id, funds_user_id, create_time, modify_time, invalid) VALUES (1179476290822995968, 18700, '2023-11-04 11:37:17', '记忆棉床垫', null, 1000000000000000016, 1000000000000000005, 10001, '2023-11-29 17:37:41', '2023-11-29 17:37:41', 0);
INSERT INTO account_book.funds_record (funds_record_id, funds_record_balance, funds_record_time, funds_record_describe, funds_record_remark, funds_record_classify_id, funds_account_id, funds_user_id, create_time, modify_time, invalid) VALUES (1179476401087053824, 500, '2023-11-03 21:37:49', '超市饮料', null, 1000000000000000005, 1000000000000000005, 10001, '2023-11-29 17:38:08', '2023-11-29 17:38:08', 0);
INSERT INTO account_book.funds_record (funds_record_id, funds_record_balance, funds_record_time, funds_record_describe, funds_record_remark, funds_record_classify_id, funds_account_id, funds_user_id, create_time, modify_time, invalid) VALUES (1179476497824481280, 600, '2023-11-03 20:38:16', '超市零食', null, 1000000000000000005, 1000000000000000005, 10001, '2023-11-29 17:38:31', '2023-11-29 17:38:31', 0);
INSERT INTO account_book.funds_record (funds_record_id, funds_record_balance, funds_record_time, funds_record_describe, funds_record_remark, funds_record_classify_id, funds_account_id, funds_user_id, create_time, modify_time, invalid) VALUES (1179476606024941568, 780, '2023-11-03 15:38:42', '十足--零食', null, 1000000000000000005, 1000000000000000005, 10001, '2023-11-29 17:38:56', '2023-11-29 17:38:56', 0);
INSERT INTO account_book.funds_record (funds_record_id, funds_record_balance, funds_record_time, funds_record_describe, funds_record_remark, funds_record_classify_id, funds_account_id, funds_user_id, create_time, modify_time, invalid) VALUES (1179476719476670464, 2430, '2023-11-03 11:39:05', '药品', null, 1000000000000000017, 1000000000000000005, 10001, '2023-11-29 17:39:24', '2023-11-29 17:39:24', 0);
INSERT INTO account_book.funds_record (funds_record_id, funds_record_balance, funds_record_time, funds_record_describe, funds_record_remark, funds_record_classify_id, funds_account_id, funds_user_id, create_time, modify_time, invalid) VALUES (1179477510069420032, 2800, '2023-11-02 18:19:18', '晚餐', null, 1000000000000000005, 1000000000000000005, 10001, '2023-11-29 17:42:32', '2023-11-29 18:16:30', 0);
INSERT INTO account_book.funds_record (funds_record_id, funds_record_balance, funds_record_time, funds_record_describe, funds_record_remark, funds_record_classify_id, funds_account_id, funds_user_id, create_time, modify_time, invalid) VALUES (1179477614188822528, 11900, '2023-11-02 18:42:44', '亲密付', null, 1000000000000000005, 1000000000000000005, 10001, '2023-11-29 17:42:57', '2023-11-29 17:42:57', 0);
INSERT INTO account_book.funds_record (funds_record_id, funds_record_balance, funds_record_time, funds_record_describe, funds_record_remark, funds_record_classify_id, funds_account_id, funds_user_id, create_time, modify_time, invalid) VALUES (1179477702990626816, 350, '2023-11-02 15:43:02', '十足--零食', null, 1000000000000000005, 1000000000000000005, 10001, '2023-11-29 17:43:18', '2023-11-29 17:43:18', 0);
INSERT INTO account_book.funds_record (funds_record_id, funds_record_balance, funds_record_time, funds_record_describe, funds_record_remark, funds_record_classify_id, funds_account_id, funds_user_id, create_time, modify_time, invalid) VALUES (1179477833810968576, 10000, '2023-11-02 08:43:23', '交通充值', null, 1000000000000000008, 1000000000000000004, 10001, '2023-11-29 17:43:49', '2023-11-29 17:43:49', 0);
INSERT INTO account_book.funds_record (funds_record_id, funds_record_balance, funds_record_time, funds_record_describe, funds_record_remark, funds_record_classify_id, funds_account_id, funds_user_id, create_time, modify_time, invalid) VALUES (1179477941432614912, 1000, '2023-11-01 11:43:58', '亲密付', null, 1000000000000000005, 1000000000000000005, 10001, '2023-11-29 17:44:15', '2023-11-29 17:44:15', 0);
INSERT INTO account_book.funds_record (funds_record_id, funds_record_balance, funds_record_time, funds_record_describe, funds_record_remark, funds_record_classify_id, funds_account_id, funds_user_id, create_time, modify_time, invalid) VALUES (1179478064661266432, 11883, '2023-11-01 10:44:23', '亲密付', null, 1000000000000000005, 1000000000000000005, 10001, '2023-11-29 17:44:44', '2023-11-29 17:44:44', 0);
INSERT INTO account_book.funds_record (funds_record_id, funds_record_balance, funds_record_time, funds_record_describe, funds_record_remark, funds_record_classify_id, funds_account_id, funds_user_id, create_time, modify_time, invalid) VALUES (1179478207762530304, 27500, '2023-11-01 09:12:51', '博朗耳温枪', null, 1000000000000000022, 1000000000000000005, 10001, '2023-11-29 17:45:18', '2023-11-29 18:14:44', 0);
INSERT INTO account_book.funds_record (funds_record_id, funds_record_balance, funds_record_time, funds_record_describe, funds_record_remark, funds_record_classify_id, funds_account_id, funds_user_id, create_time, modify_time, invalid) VALUES (1179478374528057344, 45263, '2023-11-01 09:12:31', '好奇纸尿裤', null, 1000000000000000024, 1000000000000000005, 10001, '2023-11-29 17:45:58', '2023-11-29 18:15:30', 0);
INSERT INTO account_book.funds_record (funds_record_id, funds_record_balance, funds_record_time, funds_record_describe, funds_record_remark, funds_record_classify_id, funds_account_id, funds_user_id, create_time, modify_time, invalid) VALUES (1179478714098909184, 17953, '2023-11-01 09:12:13', 'hegen奶瓶', null, 1000000000000000022, 1000000000000000005, 10001, '2023-11-29 17:47:19', '2023-11-29 18:15:58', 0);
INSERT INTO account_book.funds_record (funds_record_id, funds_record_balance, funds_record_time, funds_record_describe, funds_record_remark, funds_record_classify_id, funds_account_id, funds_user_id, create_time, modify_time, invalid) VALUES (1179482468852432896, 1570, '2023-11-22 20:08:55', '水果', null, 1000000000000000005, 1000000000000000005, 10001, '2023-11-29 18:02:14', '2023-11-29 18:02:14', 0);
INSERT INTO account_book.funds_record (funds_record_id, funds_record_balance, funds_record_time, funds_record_describe, funds_record_remark, funds_record_classify_id, funds_account_id, funds_user_id, create_time, modify_time, invalid) VALUES (1179484312555225088, 600, '2023-11-08 19:46:12', '零食', null, 1000000000000000005, 1000000000000000005, 10001, '2023-11-29 18:09:34', '2023-11-29 18:09:34', 0);
INSERT INTO account_book.funds_record (funds_record_id, funds_record_balance, funds_record_time, funds_record_describe, funds_record_remark, funds_record_classify_id, funds_account_id, funds_user_id, create_time, modify_time, invalid) VALUES (1179485027692445696, 970, '2023-11-06 19:23:02', '亲密付', null, 1000000000000000005, 1000000000000000005, 10001, '2023-11-29 18:12:24', '2023-11-29 18:12:24', 0);

INSERT INTO account_book.account (account_id, account_name, account_describe, account_ownership_id, account_balance, account_income, account_expenditure, account_type, create_time, modify_time, invalid) VALUES (1000000000000000001, '农业银行', '农业银行银行卡', 1000000000000000001, 0, 0, 0, 0, '2023-11-07 10:55:37', '2023-11-08 01:55:15', 0);
INSERT INTO account_book.account (account_id, account_name, account_describe, account_ownership_id, account_balance, account_income, account_expenditure, account_type, create_time, modify_time, invalid) VALUES (1000000000000000002, '农业银行', '农业银行贷款账户', 1000000000000000001, 0, 0, 0, 1, '2023-11-08 01:55:15', '2023-11-08 01:55:15', 0);
INSERT INTO account_book.account (account_id, account_name, account_describe, account_ownership_id, account_balance, account_income, account_expenditure, account_type, create_time, modify_time, invalid) VALUES (1000000000000000003, '支付宝余额', '支付宝余额账户', 1000000000000000001, 0, 0, 0, 0, '2023-11-08 01:55:15', '2023-11-08 01:55:15', 0);
INSERT INTO account_book.account (account_id, account_name, account_describe, account_ownership_id, account_balance, account_income, account_expenditure, account_type, create_time, modify_time, invalid) VALUES (1000000000000000004, '支付宝余额宝', '支付宝余额宝账户', 1000000000000000001, 0, 0, 20000, 0, '2023-11-08 01:55:15', '2023-11-29 15:54:38', 0);
INSERT INTO account_book.account (account_id, account_name, account_describe, account_ownership_id, account_balance, account_income, account_expenditure, account_type, create_time, modify_time, invalid) VALUES (1000000000000000005, '支付宝花呗', '支付宝花呗账户', 1000000000000000001, -1185205, 0, 1185205, 1, '2023-11-08 01:55:15', '2023-11-08 01:55:15', 0);
INSERT INTO account_book.account (account_id, account_name, account_describe, account_ownership_id, account_balance, account_income, account_expenditure, account_type, create_time, modify_time, invalid) VALUES (1000000000000000006, '建设银行', '建设银行银行卡', 1000000000000000001, 0, 0, 0, 0, '2023-11-08 01:55:15', '2023-11-08 01:55:15', 0);
INSERT INTO account_book.account (account_id, account_name, account_describe, account_ownership_id, account_balance, account_income, account_expenditure, account_type, create_time, modify_time, invalid) VALUES (1000000000000000007, '杭州银行', '杭州银行银行卡', 1000000000000000001, 0, 0, 0, 0, '2023-11-08 01:55:15', '2023-11-08 01:55:15', 0);
INSERT INTO account_book.account (account_id, account_name, account_describe, account_ownership_id, account_balance, account_income, account_expenditure, account_type, create_time, modify_time, invalid) VALUES (1000000000000000009, '杭州银行', '杭州银行银行卡', 1000000000000000002, 0, 0, 0, 0, '2023-11-08 01:55:15', '2023-11-08 01:55:15', 0);
INSERT INTO account_book.account (account_id, account_name, account_describe, account_ownership_id, account_balance, account_income, account_expenditure, account_type, create_time, modify_time, invalid) VALUES (1000000000000000010, '微信余额通', '微信支付账户', 1000000000000000002, 0, 0, 0, 0, '2023-11-08 01:55:15', '2023-11-08 01:55:15', 0);
INSERT INTO account_book.account (account_id, account_name, account_describe, account_ownership_id, account_balance, account_income, account_expenditure, account_type, create_time, modify_time, invalid) VALUES (1000000000000000011, '杭州银行', '杭州银行房贷账户', 1000000000000000002, 0, 0, 0, 1, '2023-11-08 01:55:16', '2023-11-08 01:55:16', 0);

INSERT INTO account_book.funds_record_classify (classify_id, classify_name, classify_type, classify_describe, classify_icon, default_classify, include_analyze, create_time, modify_time, invalid) VALUES (1000000000000000001, '转出', 0, '转账使用--转出标识', 'classify-transfer-out', 1, 1, '2023-11-06 09:55:07', '2023-11-10 06:22:28', 0);
INSERT INTO account_book.funds_record_classify (classify_id, classify_name, classify_type, classify_describe, classify_icon, default_classify, include_analyze, create_time, modify_time, invalid) VALUES (1000000000000000002, '转入', 1, '转账使用--转入标识', 'classify-transfer-in', 1, 1, '2023-11-06 09:55:07', '2023-11-10 06:22:28', 0);
INSERT INTO account_book.funds_record_classify (classify_id, classify_name, classify_type, classify_describe, classify_icon, default_classify, include_analyze, create_time, modify_time, invalid) VALUES (1000000000000000003, '还款转出', 0, '还款使用--转出标识', 'classify-repayment-out', 1, 0, '2023-11-06 09:55:07', '2023-11-06 09:55:07', 0);
INSERT INTO account_book.funds_record_classify (classify_id, classify_name, classify_type, classify_describe, classify_icon, default_classify, include_analyze, create_time, modify_time, invalid) VALUES (1000000000000000004, '还款转入', 1, '还款使用--转入标识', 'classify-repayment-in', 1, 0, '2023-11-06 09:55:07', '2023-11-06 09:55:07', 0);
INSERT INTO account_book.funds_record_classify (classify_id, classify_name, classify_type, classify_describe, classify_icon, default_classify, include_analyze, create_time, modify_time, invalid) VALUES (1000000000000000005, '餐饮', 0, '餐饮', 'classify-food', 0, 1, '2023-11-07 15:14:47', '2023-11-10 06:22:28', 0);
INSERT INTO account_book.funds_record_classify (classify_id, classify_name, classify_type, classify_describe, classify_icon, default_classify, include_analyze, create_time, modify_time, invalid) VALUES (1000000000000000006, '服饰', 0, '服饰', 'classify-dress', 0, 1, '2023-11-07 15:14:47', '2023-11-10 06:22:28', 0);
INSERT INTO account_book.funds_record_classify (classify_id, classify_name, classify_type, classify_describe, classify_icon, default_classify, include_analyze, create_time, modify_time, invalid) VALUES (1000000000000000007, '住房', 0, '住房', 'classify-house', 0, 1, '2023-11-07 15:14:47', '2023-11-10 06:22:28', 0);
INSERT INTO account_book.funds_record_classify (classify_id, classify_name, classify_type, classify_describe, classify_icon, default_classify, include_analyze, create_time, modify_time, invalid) VALUES (1000000000000000008, '交通', 0, '交通', 'classify-transport', 0, 1, '2023-11-07 15:14:47', '2023-11-10 06:22:28', 0);
INSERT INTO account_book.funds_record_classify (classify_id, classify_name, classify_type, classify_describe, classify_icon, default_classify, include_analyze, create_time, modify_time, invalid) VALUES (1000000000000000009, '水费', 0, '水费', 'classify-water', 0, 1, '2023-11-07 15:14:47', '2023-11-10 06:22:28', 0);
INSERT INTO account_book.funds_record_classify (classify_id, classify_name, classify_type, classify_describe, classify_icon, default_classify, include_analyze, create_time, modify_time, invalid) VALUES (1000000000000000010, '物业', 0, '物业', 'classify-property', 0, 1, '2023-11-07 15:14:47', '2023-11-10 06:22:28', 0);
INSERT INTO account_book.funds_record_classify (classify_id, classify_name, classify_type, classify_describe, classify_icon, default_classify, include_analyze, create_time, modify_time, invalid) VALUES (1000000000000000011, '电费', 0, '电费', 'classify-electricity', 0, 1, '2023-11-07 15:14:47', '2023-11-10 06:22:28', 0);
INSERT INTO account_book.funds_record_classify (classify_id, classify_name, classify_type, classify_describe, classify_icon, default_classify, include_analyze, create_time, modify_time, invalid) VALUES (1000000000000000012, '燃气', 0, '燃气', 'classify-gas', 0, 1, '2023-11-07 15:14:47', '2023-11-10 06:22:28', 0);
INSERT INTO account_book.funds_record_classify (classify_id, classify_name, classify_type, classify_describe, classify_icon, default_classify, include_analyze, create_time, modify_time, invalid) VALUES (1000000000000000013, '电器', 0, '电器', 'classify-appliances', 0, 1, '2023-11-07 15:14:47', '2023-11-10 06:22:28', 0);
INSERT INTO account_book.funds_record_classify (classify_id, classify_name, classify_type, classify_describe, classify_icon, default_classify, include_analyze, create_time, modify_time, invalid) VALUES (1000000000000000014, '数码', 0, '数码', 'classify-digital', 0, 1, '2023-11-07 15:14:47', '2023-11-10 06:22:28', 0);
INSERT INTO account_book.funds_record_classify (classify_id, classify_name, classify_type, classify_describe, classify_icon, default_classify, include_analyze, create_time, modify_time, invalid) VALUES (1000000000000000015, '运动', 0, '运动', 'classify-sport', 0, 1, '2023-11-07 15:14:47', '2023-11-10 06:22:28', 0);
INSERT INTO account_book.funds_record_classify (classify_id, classify_name, classify_type, classify_describe, classify_icon, default_classify, include_analyze, create_time, modify_time, invalid) VALUES (1000000000000000016, '日用品', 0, '日用品', 'classify-daily', 0, 1, '2023-11-07 15:14:47', '2023-11-10 06:22:28', 0);
INSERT INTO account_book.funds_record_classify (classify_id, classify_name, classify_type, classify_describe, classify_icon, default_classify, include_analyze, create_time, modify_time, invalid) VALUES (1000000000000000017, '医疗', 0, '医疗', 'classify-medical', 0, 1, '2023-11-07 15:14:47', '2023-11-10 06:22:28', 0);
INSERT INTO account_book.funds_record_classify (classify_id, classify_name, classify_type, classify_describe, classify_icon, default_classify, include_analyze, create_time, modify_time, invalid) VALUES (1000000000000000018, '旅行', 0, '旅行', 'classify-travel', 0, 1, '2023-11-07 15:14:47', '2023-11-10 06:22:28', 0);
INSERT INTO account_book.funds_record_classify (classify_id, classify_name, classify_type, classify_describe, classify_icon, default_classify, include_analyze, create_time, modify_time, invalid) VALUES (1000000000000000019, '保险', 0, '保险', 'classify-insurance', 0, 1, '2023-11-07 15:14:47', '2023-11-10 06:22:28', 0);
INSERT INTO account_book.funds_record_classify (classify_id, classify_name, classify_type, classify_describe, classify_icon, default_classify, include_analyze, create_time, modify_time, invalid) VALUES (1000000000000000020, '娱乐', 0, '娱乐', 'classify-entertainment', 0, 1, '2023-11-07 15:14:47', '2023-11-10 06:22:28', 0);
INSERT INTO account_book.funds_record_classify (classify_id, classify_name, classify_type, classify_describe, classify_icon, default_classify, include_analyze, create_time, modify_time, invalid) VALUES (1000000000000000021, '发红包', 0, '发红包', 'classify-red-envelopes-out', 0, 1, '2023-11-07 15:14:47', '2023-11-10 06:22:28', 0);
INSERT INTO account_book.funds_record_classify (classify_id, classify_name, classify_type, classify_describe, classify_icon, default_classify, include_analyze, create_time, modify_time, invalid) VALUES (1000000000000000022, '人情支出', 0, '人情支出', 'classify-association-out', 0, 1, '2023-11-07 15:14:47', '2023-11-10 06:22:28', 0);
INSERT INTO account_book.funds_record_classify (classify_id, classify_name, classify_type, classify_describe, classify_icon, default_classify, include_analyze, create_time, modify_time, invalid) VALUES (1000000000000000023, '生活缴费', 0, '生活缴费', 'classify-life-pay', 0, 1, '2023-11-07 15:14:47', '2023-11-10 06:22:28', 0);
INSERT INTO account_book.funds_record_classify (classify_id, classify_name, classify_type, classify_describe, classify_icon, default_classify, include_analyze, create_time, modify_time, invalid) VALUES (1000000000000000024, '母婴', 0, '母婴', 'classify-baby', 0, 1, '2023-11-07 15:14:47', '2023-11-10 06:22:28', 0);
INSERT INTO account_book.funds_record_classify (classify_id, classify_name, classify_type, classify_describe, classify_icon, default_classify, include_analyze, create_time, modify_time, invalid) VALUES (1000000000000000025, '教育', 0, '教育', 'classify-education', 0, 1, '2023-11-07 15:14:47', '2023-11-10 06:22:28', 0);
INSERT INTO account_book.funds_record_classify (classify_id, classify_name, classify_type, classify_describe, classify_icon, default_classify, include_analyze, create_time, modify_time, invalid) VALUES (1000000000000000027, '宠物', 0, '宠物', 'classify-pet', 0, 1, '2023-11-07 15:14:47', '2023-11-10 06:22:28', 0);
INSERT INTO account_book.funds_record_classify (classify_id, classify_name, classify_type, classify_describe, classify_icon, default_classify, include_analyze, create_time, modify_time, invalid) VALUES (1000000000000000028, '汽车', 0, '汽车', 'classify-car', 0, 1, '2023-11-07 15:14:47', '2023-11-10 06:22:28', 0);
INSERT INTO account_book.funds_record_classify (classify_id, classify_name, classify_type, classify_describe, classify_icon, default_classify, include_analyze, create_time, modify_time, invalid) VALUES (1000000000000000029, '工资', 1, '工资', 'classify-salary', 0, 1, '2023-11-07 15:17:41', '2023-11-10 06:22:28', 0);
INSERT INTO account_book.funds_record_classify (classify_id, classify_name, classify_type, classify_describe, classify_icon, default_classify, include_analyze, create_time, modify_time, invalid) VALUES (1000000000000000030, '奖金', 1, '奖金', 'classify-reward', 0, 1, '2023-11-07 15:17:41', '2023-11-10 06:22:28', 0);
INSERT INTO account_book.funds_record_classify (classify_id, classify_name, classify_type, classify_describe, classify_icon, default_classify, include_analyze, create_time, modify_time, invalid) VALUES (1000000000000000031, '人情收入', 1, '人情收入', 'classify-associate-in', 0, 1, '2023-11-07 15:17:41', '2023-11-10 06:22:28', 0);
INSERT INTO account_book.funds_record_classify (classify_id, classify_name, classify_type, classify_describe, classify_icon, default_classify, include_analyze, create_time, modify_time, invalid) VALUES (1000000000000000032, '收红包', 1, '收红包', 'classify-red-envelopes-in', 0, 1, '2023-11-07 15:17:41', '2023-11-10 06:22:28', 0);
INSERT INTO account_book.funds_record_classify (classify_id, classify_name, classify_type, classify_describe, classify_icon, default_classify, include_analyze, create_time, modify_time, invalid) VALUES (1000000000000000033, '其他收入', 1, '其他收入', 'classify-other-in', 0, 1, '2023-11-07 15:17:41', '2023-11-10 06:22:28', 0);
INSERT INTO account_book.funds_record_classify (classify_id, classify_name, classify_type, classify_describe, classify_icon, default_classify, include_analyze, create_time, modify_time, invalid) VALUES (1000000000000000034, '其他支出', 0, '其他支出', 'classify-other-out', 0, 1, '2023-11-07 15:17:41', '2023-11-10 06:22:28', 0);
INSERT INTO account_book.funds_record_classify (classify_id, classify_name, classify_type, classify_describe, classify_icon, default_classify, include_analyze, create_time, modify_time, invalid) VALUES (1000000000000000035, '理财', 1, '投资理财', 'classify-investment', 0, 1, '2023-11-08 01:39:23', '2023-11-10 06:22:28', 0);
INSERT INTO account_book.funds_record_classify (classify_id, classify_name, classify_type, classify_describe, classify_icon, default_classify, include_analyze, create_time, modify_time, invalid) VALUES (1000000000000000036, '退款', 1, '退款', 'classify-refund', 0, 1, '2023-11-08 01:42:30', '2023-11-10 06:22:28', 0);