-- classify
INSERT INTO account_book.funds_record_classify (classify_id, classify_name, classify_type, classify_describe, classify_icon, default_classify, create_time, modify_time, invalid) VALUES (1000000000000000001, '转出', 0, '转账使用--转出标识', 'classify-transfer-out', 1, '2023-11-06 09:55:07', '2023-11-06 09:55:07', 0);
INSERT INTO account_book.funds_record_classify (classify_id, classify_name, classify_type, classify_describe, classify_icon, default_classify, create_time, modify_time, invalid) VALUES (1000000000000000002, '转入', 1, '转账使用--转入标识', 'classify-transfer-in', 1, '2023-11-06 09:55:07', '2023-11-06 09:55:07', 0);
INSERT INTO account_book.funds_record_classify (classify_id, classify_name, classify_type, classify_describe, classify_icon, default_classify, create_time, modify_time, invalid) VALUES (1000000000000000003, '还款转出', 0, '还款使用--转出标识', 'classify-repayment-out', 1, '2023-11-06 09:55:07', '2023-11-06 09:55:07', 0);
INSERT INTO account_book.funds_record_classify (classify_id, classify_name, classify_type, classify_describe, classify_icon, default_classify, create_time, modify_time, invalid) VALUES (1000000000000000004, '还款转入', 1, '还款使用--转入标识', 'classify-repayment-in', 1, '2023-11-06 09:55:07', '2023-11-06 09:55:07', 0);
INSERT INTO account_book.funds_record_classify (classify_id, classify_name, classify_type, classify_describe, classify_icon, default_classify, create_time, modify_time, invalid) VALUES (1000000000000000005, '餐饮', 0, '餐饮', 'classify-food', 0, '2023-11-07 15:14:47', '2023-11-07 15:14:47', 0);
INSERT INTO account_book.funds_record_classify (classify_id, classify_name, classify_type, classify_describe, classify_icon, default_classify, create_time, modify_time, invalid) VALUES (1000000000000000006, '服饰', 0, '服饰', 'classify-dress', 0, '2023-11-07 15:14:47', '2023-11-07 15:14:47', 0);
INSERT INTO account_book.funds_record_classify (classify_id, classify_name, classify_type, classify_describe, classify_icon, default_classify, create_time, modify_time, invalid) VALUES (1000000000000000007, '住房', 0, '住房', 'classify-house', 0, '2023-11-07 15:14:47', '2023-11-07 15:14:47', 0);
INSERT INTO account_book.funds_record_classify (classify_id, classify_name, classify_type, classify_describe, classify_icon, default_classify, create_time, modify_time, invalid) VALUES (1000000000000000008, '交通', 0, '交通', 'classify-transport', 0, '2023-11-07 15:14:47', '2023-11-07 15:14:47', 0);
INSERT INTO account_book.funds_record_classify (classify_id, classify_name, classify_type, classify_describe, classify_icon, default_classify, create_time, modify_time, invalid) VALUES (1000000000000000009, '水费', 0, '水费', 'classify-water', 0, '2023-11-07 15:14:47', '2023-11-07 15:14:47', 0);
INSERT INTO account_book.funds_record_classify (classify_id, classify_name, classify_type, classify_describe, classify_icon, default_classify, create_time, modify_time, invalid) VALUES (1000000000000000010, '物业', 0, '物业', 'classify-property', 0, '2023-11-07 15:14:47', '2023-11-07 15:14:47', 0);
INSERT INTO account_book.funds_record_classify (classify_id, classify_name, classify_type, classify_describe, classify_icon, default_classify, create_time, modify_time, invalid) VALUES (1000000000000000011, '电费', 0, '电费', 'classify-electricity', 0, '2023-11-07 15:14:47', '2023-11-07 15:14:47', 0);
INSERT INTO account_book.funds_record_classify (classify_id, classify_name, classify_type, classify_describe, classify_icon, default_classify, create_time, modify_time, invalid) VALUES (1000000000000000012, '燃气', 0, '燃气', 'classify-gas', 0, '2023-11-07 15:14:47', '2023-11-07 15:14:47', 0);
INSERT INTO account_book.funds_record_classify (classify_id, classify_name, classify_type, classify_describe, classify_icon, default_classify, create_time, modify_time, invalid) VALUES (1000000000000000013, '电器', 0, '电器', 'classify-appliances', 0, '2023-11-07 15:14:47', '2023-11-07 15:14:47', 0);
INSERT INTO account_book.funds_record_classify (classify_id, classify_name, classify_type, classify_describe, classify_icon, default_classify, create_time, modify_time, invalid) VALUES (1000000000000000014, '数码', 0, '数码', 'classify-digital', 0, '2023-11-07 15:14:47', '2023-11-07 15:14:47', 0);
INSERT INTO account_book.funds_record_classify (classify_id, classify_name, classify_type, classify_describe, classify_icon, default_classify, create_time, modify_time, invalid) VALUES (1000000000000000015, '运动', 0, '运动', 'classify-sport', 0, '2023-11-07 15:14:47', '2023-11-07 15:14:47', 0);
INSERT INTO account_book.funds_record_classify (classify_id, classify_name, classify_type, classify_describe, classify_icon, default_classify, create_time, modify_time, invalid) VALUES (1000000000000000016, '日用品', 0, '日用品', 'classify-daily', 0, '2023-11-07 15:14:47', '2023-11-07 15:14:47', 0);
INSERT INTO account_book.funds_record_classify (classify_id, classify_name, classify_type, classify_describe, classify_icon, default_classify, create_time, modify_time, invalid) VALUES (1000000000000000017, '医疗', 0, '医疗', 'classify-medical', 0, '2023-11-07 15:14:47', '2023-11-07 15:14:47', 0);
INSERT INTO account_book.funds_record_classify (classify_id, classify_name, classify_type, classify_describe, classify_icon, default_classify, create_time, modify_time, invalid) VALUES (1000000000000000018, '旅行', 0, '旅行', 'classify-travel', 0, '2023-11-07 15:14:47', '2023-11-07 15:14:47', 0);
INSERT INTO account_book.funds_record_classify (classify_id, classify_name, classify_type, classify_describe, classify_icon, default_classify, create_time, modify_time, invalid) VALUES (1000000000000000019, '保险', 0, '保险', 'classify-insurance', 0, '2023-11-07 15:14:47', '2023-11-07 15:14:47', 0);
INSERT INTO account_book.funds_record_classify (classify_id, classify_name, classify_type, classify_describe, classify_icon, default_classify, create_time, modify_time, invalid) VALUES (1000000000000000020, '娱乐', 0, '娱乐', 'classify-entertainment', 0, '2023-11-07 15:14:47', '2023-11-07 15:14:47', 0);
INSERT INTO account_book.funds_record_classify (classify_id, classify_name, classify_type, classify_describe, classify_icon, default_classify, create_time, modify_time, invalid) VALUES (1000000000000000021, '发红包', 0, '发红包', 'classify-red-envelopes-out', 0, '2023-11-07 15:14:47', '2023-11-07 15:14:47', 0);
INSERT INTO account_book.funds_record_classify (classify_id, classify_name, classify_type, classify_describe, classify_icon, default_classify, create_time, modify_time, invalid) VALUES (1000000000000000022, '人情支出', 0, '人情支出', 'classify-association-out', 0, '2023-11-07 15:14:47', '2023-11-07 15:14:47', 0);
INSERT INTO account_book.funds_record_classify (classify_id, classify_name, classify_type, classify_describe, classify_icon, default_classify, create_time, modify_time, invalid) VALUES (1000000000000000023, '生活缴费', 0, '生活缴费', 'classify-life-pay', 0, '2023-11-07 15:14:47', '2023-11-07 15:14:47', 0);
INSERT INTO account_book.funds_record_classify (classify_id, classify_name, classify_type, classify_describe, classify_icon, default_classify, create_time, modify_time, invalid) VALUES (1000000000000000024, '母婴', 0, '母婴', 'classify-baby', 0, '2023-11-07 15:14:47', '2023-11-07 15:14:47', 0);
INSERT INTO account_book.funds_record_classify (classify_id, classify_name, classify_type, classify_describe, classify_icon, default_classify, create_time, modify_time, invalid) VALUES (1000000000000000025, '教育', 0, '教育', 'classify-education', 0, '2023-11-07 15:14:47', '2023-11-07 15:14:47', 0);
INSERT INTO account_book.funds_record_classify (classify_id, classify_name, classify_type, classify_describe, classify_icon, default_classify, create_time, modify_time, invalid) VALUES (1000000000000000027, '宠物', 0, '宠物', 'classify-pet', 0, '2023-11-07 15:14:47', '2023-11-07 15:14:47', 0);
INSERT INTO account_book.funds_record_classify (classify_id, classify_name, classify_type, classify_describe, classify_icon, default_classify, create_time, modify_time, invalid) VALUES (1000000000000000028, '汽车', 0, '汽车', 'classify-car', 0, '2023-11-07 15:14:47', '2023-11-07 15:14:47', 0);
INSERT INTO account_book.funds_record_classify (classify_id, classify_name, classify_type, classify_describe, classify_icon, default_classify, create_time, modify_time, invalid) VALUES (1000000000000000029, '工资', 1, '工资', 'classify-salary', 0, '2023-11-07 15:17:41', '2023-11-07 15:17:41', 0);
INSERT INTO account_book.funds_record_classify (classify_id, classify_name, classify_type, classify_describe, classify_icon, default_classify, create_time, modify_time, invalid) VALUES (1000000000000000030, '奖金', 1, '奖金', 'classify-reward', 0, '2023-11-07 15:17:41', '2023-11-07 15:17:41', 0);
INSERT INTO account_book.funds_record_classify (classify_id, classify_name, classify_type, classify_describe, classify_icon, default_classify, create_time, modify_time, invalid) VALUES (1000000000000000031, '人情收入', 1, '人情收入', 'classify-associate-in', 0, '2023-11-07 15:17:41', '2023-11-07 15:17:41', 0);
INSERT INTO account_book.funds_record_classify (classify_id, classify_name, classify_type, classify_describe, classify_icon, default_classify, create_time, modify_time, invalid) VALUES (1000000000000000032, '收红包', 1, '收红包', 'classify-red-envelopes-in', 0, '2023-11-07 15:17:41', '2023-11-07 15:17:41', 0);
INSERT INTO account_book.funds_record_classify (classify_id, classify_name, classify_type, classify_describe, classify_icon, default_classify, create_time, modify_time, invalid) VALUES (1000000000000000033, '其他收入', 1, '其他收入', 'classify-other-in', 0, '2023-11-07 15:17:41', '2023-11-07 15:17:41', 0);
INSERT INTO account_book.funds_record_classify (classify_id, classify_name, classify_type, classify_describe, classify_icon, default_classify, create_time, modify_time, invalid) VALUES (1000000000000000034, '其他支出', 0, '其他支出', 'classify-other-out', 0, '2023-11-07 15:17:41', '2023-11-07 15:17:41', 0);
INSERT INTO account_book.funds_record_classify (classify_id, classify_name, classify_type, classify_describe, classify_icon, default_classify, create_time, modify_time, invalid) VALUES (1000000000000000035, '理财', 1, '投资理财', 'classify-investment', 0, '2023-11-08 01:39:23', '2023-11-08 01:39:23', 0);
INSERT INTO account_book.funds_record_classify (classify_id, classify_name, classify_type, classify_describe, classify_icon, default_classify, create_time, modify_time, invalid) VALUES (1000000000000000036, '退款', 1, '退款', 'classify-refund', 0, '2023-11-08 01:42:30', '2023-11-08 01:42:30', 0);

-- account
INSERT INTO account_book.account (account_id, account_name, account_describe, account_ownership_id, account_balance, account_income, account_expenditure, account_type, create_time, modify_time, invalid) VALUES (1000000000000000001, '农业银行', '农业银行银行卡', 1000000000000000001, 0, 0, 0, 0, '2023-11-07 10:55:37', '2023-11-08 01:55:15', 0);
INSERT INTO account_book.account (account_id, account_name, account_describe, account_ownership_id, account_balance, account_income, account_expenditure, account_type, create_time, modify_time, invalid) VALUES (1000000000000000002, '农业银行', '农业银行贷款账户', 1000000000000000001, 0, 0, 0, 1, '2023-11-08 01:55:15', '2023-11-08 01:55:15', 0);
INSERT INTO account_book.account (account_id, account_name, account_describe, account_ownership_id, account_balance, account_income, account_expenditure, account_type, create_time, modify_time, invalid) VALUES (1000000000000000003, '支付宝余额', '支付宝余额账户', 1000000000000000001, 0, 0, 0, 0, '2023-11-08 01:55:15', '2023-11-08 01:55:15', 0);
INSERT INTO account_book.account (account_id, account_name, account_describe, account_ownership_id, account_balance, account_income, account_expenditure, account_type, create_time, modify_time, invalid) VALUES (1000000000000000004, '支付宝余额宝', '支付宝余额宝账户', 1000000000000000001, 0, 0, 0, 0, '2023-11-08 01:55:15', '2023-11-08 01:55:15', 0);
INSERT INTO account_book.account (account_id, account_name, account_describe, account_ownership_id, account_balance, account_income, account_expenditure, account_type, create_time, modify_time, invalid) VALUES (1000000000000000005, '支付宝花呗', '支付宝花呗账户', 1000000000000000001, 0, 0, 0, 1, '2023-11-08 01:55:15', '2023-11-08 01:55:15', 0);
INSERT INTO account_book.account (account_id, account_name, account_describe, account_ownership_id, account_balance, account_income, account_expenditure, account_type, create_time, modify_time, invalid) VALUES (1000000000000000006, '建设银行', '建设银行银行卡', 1000000000000000001, 0, 0, 0, 0, '2023-11-08 01:55:15', '2023-11-08 01:55:15', 0);
INSERT INTO account_book.account (account_id, account_name, account_describe, account_ownership_id, account_balance, account_income, account_expenditure, account_type, create_time, modify_time, invalid) VALUES (1000000000000000007, '杭州银行', '杭州银行银行卡', 1000000000000000001, 0, 0, 0, 0, '2023-11-08 01:55:15', '2023-11-08 01:55:15', 0);
INSERT INTO account_book.account (account_id, account_name, account_describe, account_ownership_id, account_balance, account_income, account_expenditure, account_type, create_time, modify_time, invalid) VALUES (1000000000000000009, '杭州银行', '杭州银行银行卡', 1000000000000000002, 0, 0, 0, 0, '2023-11-08 01:55:15', '2023-11-08 01:55:15', 0);
INSERT INTO account_book.account (account_id, account_name, account_describe, account_ownership_id, account_balance, account_income, account_expenditure, account_type, create_time, modify_time, invalid) VALUES (1000000000000000010, '微信余额通', '微信支付账户', 1000000000000000002, 0, 0, 0, 0, '2023-11-08 01:55:15', '2023-11-08 01:55:15', 0);
INSERT INTO account_book.account (account_id, account_name, account_describe, account_ownership_id, account_balance, account_income, account_expenditure, account_type, create_time, modify_time, invalid) VALUES (1000000000000000011, '杭州银行', '杭州银行房贷账户', 1000000000000000002, 0, 0, 0, 1, '2023-11-08 01:55:16', '2023-11-08 01:55:16', 0);

-- user
INSERT INTO account_book.user (user_id, user_name, user_remark, user_password, create_time, modify_time, invalid) VALUES (1000000000000000001, '钟林', null, null, '2023-11-08 01:50:27', '2023-11-08 01:50:27', 0);
INSERT INTO account_book.user (user_id, user_name, user_remark, user_password, create_time, modify_time, invalid) VALUES (1000000000000000002, '于奇', null, null, '2023-11-08 01:50:27', '2023-11-08 01:50:27', 0);